-- phpMyAdmin SQL Dump
-- version 4.1.14
-- http://www.phpmyadmin.net
--
-- Host: 127.0.0.1
-- Generation Time: 2018-05-17 12:29:01
-- 服务器版本： 5.6.17
-- PHP Version: 5.5.12

SET SQL_MODE = "NO_AUTO_VALUE_ON_ZERO";
SET time_zone = "+00:00";


/*!40101 SET @OLD_CHARACTER_SET_CLIENT=@@CHARACTER_SET_CLIENT */;
/*!40101 SET @OLD_CHARACTER_SET_RESULTS=@@CHARACTER_SET_RESULTS */;
/*!40101 SET @OLD_COLLATION_CONNECTION=@@COLLATION_CONNECTION */;
/*!40101 SET NAMES utf8 */;

--
-- Database: `xiongmao`
--

-- --------------------------------------------------------

--
-- 表的结构 `gs_activity_log`
--

CREATE TABLE IF NOT EXISTS `gs_activity_log` (
  `id` int(11) NOT NULL DEFAULT '0',
  `user_account` int(11) NOT NULL COMMENT '使用者',
  `create_time` int(11) NOT NULL COMMENT '时间',
  `friend_account` int(11) NOT NULL COMMENT '对谁使用',
  `friend_nick` varchar(20) DEFAULT NULL COMMENT '推荐人用户名',
  `nick` varchar(20) DEFAULT NULL COMMENT '用户名',
  `user_nick` varchar(20) DEFAULT NULL COMMENT ' 姓名',
  `wx` varchar(20) DEFAULT NULL,
  `zhifubao` varchar(20) DEFAULT NULL,
  `sex` tinyint(1) DEFAULT NULL COMMENT '1 男0 女'
) ENGINE=InnoDB DEFAULT CHARSET=utf8 COMMENT='资源使用记录';

-- --------------------------------------------------------

--
-- 表的结构 `gs_apply_withdrawals`
--

CREATE TABLE IF NOT EXISTS `gs_apply_withdrawals` (
  `a_id` int(8) unsigned NOT NULL AUTO_INCREMENT,
  `u_id` int(8) NOT NULL,
  `apply_money` int(8) NOT NULL COMMENT '提现金额',
  `apply_time` datetime NOT NULL COMMENT '申请时间',
  `is_handle` tinyint(2) NOT NULL DEFAULT '0' COMMENT '管理员是否处理  0未处理  1已处理  2拒绝',
  `tx_rate` float(10,2) DEFAULT '0.00' COMMENT '提现的余额比例',
  `yuanbao_rate` float(10,2) DEFAULT '0.00' COMMENT '提现元宝比例',
  `tx_amount` float(15,2) DEFAULT '0.00',
  `yuanbao_amount` float(15,2) DEFAULT '0.00',
  `account_no` varchar(255) DEFAULT NULL,
  PRIMARY KEY (`a_id`,`u_id`,`apply_money`,`apply_time`,`is_handle`)
) ENGINE=InnoDB  DEFAULT CHARSET=utf8 AUTO_INCREMENT=37 ;

--
-- 转存表中的数据 `gs_apply_withdrawals`
--

INSERT INTO `gs_apply_withdrawals` (`a_id`, `u_id`, `apply_money`, `apply_time`, `is_handle`, `tx_rate`, `yuanbao_rate`, `tx_amount`, `yuanbao_amount`, `account_no`) VALUES
(1, 1, 100, '2018-03-08 20:12:24', 0, NULL, 0.00, 0.00, 0.00, NULL),
(2, 1, 100, '2018-03-08 20:47:34', 0, NULL, 0.00, 0.00, 0.00, NULL),
(3, 1, 100, '2018-03-08 20:51:30', 2, NULL, 0.00, 0.00, 0.00, NULL),
(4, 1, 100, '2018-03-08 20:51:31', 0, NULL, 0.00, 0.00, 0.00, NULL),
(5, 1, 200, '2018-03-08 20:51:43', 1, NULL, 0.00, 0.00, 0.00, NULL),
(6, 1, 50, '2018-03-08 20:54:51', 1, NULL, 0.00, 0.00, 0.00, NULL),
(7, 1, 10, '2018-03-08 21:13:53', 0, NULL, 0.00, 0.00, 0.00, NULL),
(8, 1, 20, '2018-03-08 21:13:56', 0, NULL, 0.00, 0.00, 0.00, NULL),
(9, 1, 360, '2018-03-08 21:14:00', 0, NULL, 0.00, 0.00, 0.00, NULL),
(10, 1, 450, '2018-03-08 21:14:04', 0, NULL, 0.00, 0.00, 0.00, NULL),
(11, 1, 55, '2018-03-08 21:14:07', 1, NULL, 0.00, 0.00, 0.00, NULL),
(12, 1, 55, '2018-03-08 21:14:11', 0, NULL, 0.00, 0.00, 0.00, NULL),
(13, 1357, 100, '2018-04-09 11:19:48', 0, NULL, 0.00, 0.00, 0.00, NULL),
(14, 1357, 10000, '2018-04-11 20:04:10', 0, NULL, 0.00, 0.00, 0.00, NULL),
(15, 1357, 10000, '2018-04-11 20:43:14', 0, NULL, 0.00, 0.00, 0.00, NULL),
(16, 1357, 10000000, '2018-04-11 20:43:48', 0, NULL, 0.00, 0.00, 0.00, NULL),
(17, 1357, 22222, '2018-04-12 12:01:46', 0, NULL, 0.00, 0.00, 0.00, NULL),
(18, 1357, 4444, '2018-04-12 12:04:28', 0, NULL, 0.00, 0.00, 0.00, NULL),
(19, 1357, 1000, '2018-04-12 12:22:31', 0, NULL, 0.00, 0.00, 0.00, NULL),
(20, 1357, 100, '2018-04-12 12:30:29', 0, NULL, 0.00, 0.00, 0.00, NULL),
(21, 1357, 0, '2018-04-12 12:31:48', 0, NULL, 0.00, 0.00, 0.00, NULL),
(22, 1357, 100, '2018-04-12 12:42:48', 1, NULL, 0.00, 0.00, 0.00, NULL),
(23, 1357, 10000, '2018-04-12 16:37:52', 1, NULL, 0.00, 0.00, 0.00, NULL),
(24, 1391, 500, '2018-04-12 14:51:35', 0, NULL, 0.00, 0.00, 0.00, NULL),
(25, 1371, 100, '2018-04-13 20:59:00', 2, NULL, 0.00, 0.00, 0.00, NULL),
(26, 1367, 1000, '2018-04-15 09:26:07', 1, NULL, 0.00, 0.00, 0.00, NULL),
(27, 1367, 20, '2018-04-15 09:34:37', 1, NULL, 0.00, 0.00, 0.00, NULL),
(28, 1362, 0, '2018-04-15 11:35:43', 0, 0.00, 0.00, 0.00, 0.00, NULL),
(29, 1362, 100, '2018-04-15 11:52:17', 0, 70.00, 20.00, 70.00, 20.00, NULL),
(30, 1367, 3, '2018-04-15 13:44:26', 1, 70.00, 20.00, 2.10, 0.60, NULL),
(31, 1367, 0, '2018-04-15 13:48:22', 0, 70.00, 20.00, 0.07, 0.02, NULL),
(32, 1367, 100, '2018-04-15 13:57:08', 1, 10.00, 10.00, 10.00, 10.00, NULL),
(33, 1367, 70, '2018-04-16 10:01:04', 0, 10.00, 10.00, 7.00, 7.00, NULL),
(34, 1367, 706, '2018-04-16 10:02:58', 0, 10.00, 10.00, 70.60, 70.60, NULL),
(35, 1398, 100, '2018-04-16 10:22:47', 1, 8.00, 7.00, 8.00, 7.00, '12346789562362'),
(36, 1398, 200, '2018-04-16 10:32:36', 0, 8.00, 7.00, 16.00, 14.00, '12346789562362');

-- --------------------------------------------------------

--
-- 表的结构 `gs_beltline`
--

CREATE TABLE IF NOT EXISTS `gs_beltline` (
  `id` int(11) NOT NULL AUTO_INCREMENT,
  `userid` int(11) NOT NULL,
  `animal_on` char(18) NOT NULL COMMENT '给那个鸡喂养了',
  `status` int(11) NOT NULL DEFAULT '1' COMMENT '1 生产中 2生产结束,待收取 3收取成功',
  `amount` int(11) NOT NULL COMMENT '生产的个数',
  `create_time` int(11) NOT NULL COMMENT '创建时间',
  `expired_time` int(11) NOT NULL COMMENT '生产结束的时间',
  PRIMARY KEY (`id`)
) ENGINE=InnoDB DEFAULT CHARSET=utf8 COMMENT='生产线,队列任务' AUTO_INCREMENT=1 ;

-- --------------------------------------------------------

--
-- 表的结构 `gs_bonus_log`
--

CREATE TABLE IF NOT EXISTS `gs_bonus_log` (
  `id` int(11) NOT NULL AUTO_INCREMENT,
  `userid` int(11) NOT NULL,
  `touserid` int(11) NOT NULL,
  `number` int(11) NOT NULL,
  `create_time` int(11) NOT NULL,
  `desc` varchar(125) NOT NULL,
  PRIMARY KEY (`id`),
  UNIQUE KEY `id` (`id`)
) ENGINE=InnoDB DEFAULT CHARSET=utf8 COMMENT='动态奖金记录' AUTO_INCREMENT=1 ;

-- --------------------------------------------------------

--
-- 表的结构 `gs_brooding_log`
--

CREATE TABLE IF NOT EXISTS `gs_brooding_log` (
  `id` int(11) NOT NULL AUTO_INCREMENT,
  `userid` int(11) NOT NULL,
  `animal_on` varchar(125) NOT NULL COMMENT '鸡的编号',
  `number` int(11) NOT NULL COMMENT '孵卵个数',
  `day` int(11) NOT NULL COMMENT '第几天产的蛋',
  `create_time` int(11) NOT NULL,
  PRIMARY KEY (`id`)
) ENGINE=InnoDB DEFAULT CHARSET=utf8 COMMENT='拾蛋日志' AUTO_INCREMENT=1 ;

-- --------------------------------------------------------

--
-- 表的结构 `gs_clean_log`
--

CREATE TABLE IF NOT EXISTS `gs_clean_log` (
  `id` int(11) NOT NULL AUTO_INCREMENT,
  `userid` int(11) NOT NULL COMMENT '使用者',
  `rate` float(11,2) NOT NULL DEFAULT '0.00' COMMENT '利润',
  `create_time` int(11) NOT NULL COMMENT '时间',
  `friendid` int(11) NOT NULL COMMENT '对谁使用',
  `task_id` int(1) DEFAULT NULL COMMENT '任务id',
  PRIMARY KEY (`id`)
) ENGINE=InnoDB  DEFAULT CHARSET=utf8 COMMENT='资源使用记录' AUTO_INCREMENT=17071 ;

--
-- 转存表中的数据 `gs_clean_log`
--

INSERT INTO `gs_clean_log` (`id`, `userid`, `rate`, `create_time`, `friendid`, `task_id`) VALUES
(16970, 1, 0.00, 1493365406, 1357, NULL),
(16971, 1, 0.00, 1493449811, 2, NULL),
(16972, 1, 0.63, 1493489976, 1357, NULL),
(16973, 1, 0.00, 1493489976, 1359, NULL),
(16974, 1, 0.00, 1493567566, 2, NULL),
(16975, 1, 0.66, 1493567566, 1357, NULL),
(16976, 1, 0.00, 1493567566, 1359, NULL),
(16977, 1, 0.00, 1493567566, 1361, NULL),
(16978, 1, 0.00, 1493727506, 1362, NULL),
(16979, 1357, 0.00, 1522987022, 1365, NULL),
(16980, 1357, 0.00, 1523078012, 1365, NULL),
(16981, 1357, 3.12, 1523078012, 1366, NULL),
(16982, 1368, 0.00, 1523255173, 1370, NULL),
(16983, 1370, 0.00, 1523271105, 1371, NULL),
(16984, 1357, 0.00, 1523278541, 1365, NULL),
(16985, 1357, 0.96, 1523278541, 1366, NULL),
(16986, 1357, 0.00, 1523278541, 1367, NULL),
(16987, 1357, 1.92, 1523278541, 1368, NULL),
(16988, 1357, 0.00, 1523278541, 1369, NULL),
(16989, 1368, 0.00, 1523314707, 1372, NULL),
(16990, 1368, 0.87, 1523316912, 1374, 32),
(16991, 1368, 147.21, 1523321987, 1370, 32),
(16992, 1368, 0.87, 1523327087, 1373, 32),
(16993, 1370, 0.87, 1523352009, 1371, 32),
(16994, 1380, 0.00, 1523371408, 1381, NULL),
(16995, 1370, 0.00, 1523376901, 1378, NULL),
(16996, 1381, 0.00, 1523377557, 1382, NULL),
(16997, 1380, 0.00, 1523379666, 1383, NULL),
(16998, 1381, 0.93, 1523437982, 1382, 33),
(16999, 1381, 0.93, 1523437991, 1386, 33),
(17000, 1381, 0.93, 1523437998, 1387, 33),
(17001, 1380, 0.93, 1523438073, 1381, 33),
(17002, 1380, 0.93, 1523438084, 1383, 33),
(17003, 1383, 0.93, 1523438329, 1384, 33),
(17004, 1383, 0.93, 1523438346, 1385, 33),
(17005, 1368, 0.94, 1523439617, 1376, 33),
(17006, 1376, 0.93, 1523439896, 1377, 33),
(17007, 1370, 0.96, 1523442191, 1371, 33),
(17008, 1370, 0.93, 1523442199, 1375, 33),
(17009, 1370, 0.93, 1523442207, 1378, 33),
(17010, 1370, 0.00, 1523442218, 1379, NULL),
(17011, 1370, 0.93, 1523442226, 1380, 33),
(17012, 1381, 0.00, 1523462577, 1389, NULL),
(17013, 1380, 0.00, 1523463377, 1388, NULL),
(17014, 1376, 0.96, 1523487504, 1377, 34),
(17015, 1370, 0.99, 1523491728, 1371, 34),
(17016, 1370, 0.96, 1523491737, 1375, 34),
(17017, 1370, 0.93, 1523491746, 1378, 34),
(17018, 1370, 0.94, 1523491755, 1380, 34),
(17019, 1368, 155.75, 1523493751, 1370, 34),
(17020, 1368, 0.93, 1523493759, 1372, 34),
(17021, 1381, 0.93, 1523523546, 1382, 34),
(17022, 1381, 0.93, 1523523562, 1386, 34),
(17023, 1381, 0.96, 1523523573, 1387, 34),
(17024, 1381, 0.93, 1523523581, 1389, 34),
(17025, 1380, 0.97, 1523533231, 1381, 34),
(17026, 1380, 0.96, 1523533253, 1383, 34),
(17027, 1380, 0.93, 1523533264, 1388, 34),
(17028, 1383, 0.96, 1523533357, 1384, 34),
(17029, 1383, 0.96, 1523533365, 1385, 34),
(17030, 1391, 1.02, 1523576481, 1371, 35),
(17031, 1376, 0.99, 1523583110, 1377, 35),
(17032, 1391, 0.96, 1523585254, 1378, 35),
(17033, 1391, 0.99, 1523585269, 1375, 35),
(17034, 1391, 0.93, 1523585276, 1379, 35),
(17035, 1391, 0.93, 1523585282, 1380, 35),
(17036, 1381, 0.99, 1523511015, 1382, 1),
(17037, 1381, 1.02, 1523511026, 1386, 1),
(17038, 1381, 0.99, 1523511032, 1387, 1),
(17039, 1381, 0.96, 1523511038, 1389, 1),
(17040, 1391, 0.93, 1523527283, 1380, 1),
(17041, 1391, 0.93, 1523527291, 1379, 1),
(17042, 1391, 0.96, 1523527298, 1378, 1),
(17043, 1391, 1.02, 1523527308, 1375, 1),
(17044, 1391, 1.02, 1523527314, 1371, 1),
(17045, 1376, 0.99, 1523575262, 1377, 1),
(17046, 1380, 1.01, 1523583843, 1381, 1),
(17047, 1380, 1.03, 1523583851, 1383, 1),
(17048, 1380, 0.96, 1523583865, 1388, 1),
(17049, 1380, 0.00, 1523583877, 1391, NULL),
(17050, 1383, 0.96, 1523583955, 1384, 1),
(17051, 1383, 0.96, 1523583964, 1385, 1),
(17052, 1380, 3.98, 1523586683, 1381, 2),
(17053, 1380, 3.48, 1523586703, 1383, 2),
(17054, 1380, 3.31, 1523586712, 1388, 2),
(17055, 1380, 765.02, 1523586721, 1391, 2),
(17056, 1383, 3.41, 1523586850, 1384, 2),
(17057, 1383, 3.32, 1523586860, 1385, 2),
(17058, 1381, 3.77, 1523592458, 1382, 2),
(17059, 1381, 3.53, 1523592467, 1386, 2),
(17060, 1381, 3.41, 1523592474, 1387, 2),
(17061, 1381, 3.32, 1523592480, 1389, 2),
(17062, 1391, 3.52, 1523595246, 1371, 2),
(17063, 1391, 3.52, 1523595253, 1375, 2),
(17064, 1391, 3.31, 1523595259, 1378, 2),
(17065, 1391, 3.21, 1523595267, 1379, 2),
(17066, 1391, 3.49, 1523595274, 1380, 2),
(17067, 1391, 0.00, 1523595281, 1392, NULL),
(17068, 1367, 0.00, 1526550182, 1362, NULL),
(17069, 1367, 0.00, 1526550192, 1390, NULL),
(17070, 1367, 3.12, 1526550205, 1398, 3);

-- --------------------------------------------------------

--
-- 表的结构 `gs_dogmsg`
--

CREATE TABLE IF NOT EXISTS `gs_dogmsg` (
  `id` int(11) NOT NULL AUTO_INCREMENT,
  `lev` smallint(6) NOT NULL COMMENT '等级',
  `rate` decimal(4,2) NOT NULL COMMENT '利益利率',
  `upgrade_percent` float(4,2) NOT NULL COMMENT '升级成功率',
  `create_time` int(11) DEFAULT NULL,
  `updatedog_num` int(11) DEFAULT '100' COMMENT '升级狗需要的蛋',
  PRIMARY KEY (`id`),
  UNIQUE KEY `unique` (`lev`)
) ENGINE=InnoDB  DEFAULT CHARSET=utf8 AUTO_INCREMENT=12 ;

--
-- 转存表中的数据 `gs_dogmsg`
--

INSERT INTO `gs_dogmsg` (`id`, `lev`, `rate`, `upgrade_percent`, `create_time`, `updatedog_num`) VALUES
(1, 2, '0.10', 80.00, 0, 200),
(2, 9, '0.45', 10.00, 1489850447, 900),
(3, 6, '0.30', 40.00, 1489850431, 600),
(5, 3, '0.15', 70.00, 1489850447, 300),
(6, 4, '0.20', 60.00, 1489850447, 400),
(7, 1, '0.05', 99.99, 1489850447, 100),
(8, 5, '0.25', 50.00, 1489850447, 500),
(10, 7, '0.35', 30.00, 1489850447, 700),
(11, 8, '0.40', 20.00, 1489850447, 800);

-- --------------------------------------------------------

--
-- 表的结构 `gs_email`
--

CREATE TABLE IF NOT EXISTS `gs_email` (
  `id` int(11) NOT NULL AUTO_INCREMENT,
  `account` varchar(11) NOT NULL,
  `create_time` int(11) NOT NULL,
  `send` tinyint(1) NOT NULL COMMENT '0未读 1已读',
  `msg` varchar(256) DEFAULT '0',
  PRIMARY KEY (`id`)
) ENGINE=InnoDB  DEFAULT CHARSET=utf8 AUTO_INCREMENT=29 ;

--
-- 转存表中的数据 `gs_email`
--

INSERT INTO `gs_email` (`id`, `account`, `create_time`, `send`, `msg`) VALUES
(1, '17052983171', 1523281655, 0, '恭喜您，成为新田庄主，已配送300只秧苗到仓库中。'),
(2, '13751096010', 1523282203, 0, '恭喜您，成为新田庄主，已配送300只秧苗到仓库中。'),
(3, '18137492292', 1523283714, 0, '恭喜！在幸运转盘中获得奖品 (再接再厉)已派送到您的仓库中  '),
(4, '18827687499', 1523321926, 0, '恭喜您，成为新田庄主，已配送300只秧苗到仓库中。'),
(5, '15568074851', 1523326714, 0, '恭喜您，成为新田庄主，已配送300只秧苗到仓库中。'),
(6, '13823128696', 1523347292, 0, '恭喜您，成为新田庄主，已配送300只秧苗到仓库中。'),
(7, '13296476917', 1523361068, 0, '恭喜您，成为新田庄主，已配送300只秧苗到仓库中。'),
(8, '13705986017', 1523361771, 0, '恭喜您，成为新田庄主，已配送300只秧苗到仓库中。'),
(9, '15959030580', 1523369321, 0, '恭喜您，成为新田庄主，已配送300只秧苗到仓库中。'),
(10, '15979888000', 1523371179, 0, '恭喜您，成为新田庄主，已配送300只秧苗到仓库中。'),
(11, '13665087143', 1523372656, 0, '恭喜您，成为新田庄主，已配送300只秧苗到仓库中。'),
(12, '15959031523', 1523373297, 0, '恭喜您，成为新田庄主，已配送300只秧苗到仓库中。'),
(13, '15059420009', 1523374607, 0, '恭喜您，成为新田庄主，已配送300只秧苗到仓库中。'),
(14, '17706912382', 1523375140, 0, '恭喜您，成为新田庄主，已配送300只秧苗到仓库中。'),
(15, '13055558977', 1523375253, 0, '恭喜您，成为新田庄主，已配送300只秧苗到仓库中。'),
(16, '13799962511', 1523377814, 0, '恭喜您，成为新田庄主，已配送300只秧苗到仓库中。'),
(17, '18750187873', 1523447653, 0, '恭喜您，成为新田庄主，已配送300只秧苗到仓库中。'),
(18, '13950259997', 1523452701, 0, '恭喜您，成为新田庄主，已配送300只秧苗到仓库中。'),
(19, '17620828657', 1523524852, 0, '恭喜您，成为新田庄主，已配送300只秧苗到仓库中。'),
(20, '13685011584', 1523535449, 0, '恭喜您，成为新田庄主，已配送300只秧苗到仓库中。'),
(21, '13599371985', 1523585076, 0, '恭喜您，成为新田庄主，已配送300只秧苗到仓库中。'),
(22, '15653505844', 1523594323, 0, '恭喜您，成为新田庄主，已配送300只秧苗到仓库中。'),
(23, '15154512308', 1523594478, 0, '恭喜您，成为新田庄主，已配送300只秧苗到仓库中。'),
(24, '18363770546', 1523594655, 0, '恭喜您，成为新田庄主，已配送300只秧苗到仓库中。'),
(25, '18661817957', 1523600718, 0, '恭喜您，成为新田庄主，已配送300只秧苗到仓库中。'),
(26, '15763961953', 1523619296, 0, '恭喜您，成为新田庄主，已配送300只秧苗到仓库中。'),
(27, '15100000000', 1523844813, 0, '恭喜您，成为新田庄主，已配送300只秧苗到仓库中。'),
(28, '15100000001', 1526192997, 0, '恭喜您，成为新田庄主，已配送300只母鸡到仓库中。');

-- --------------------------------------------------------

--
-- 表的结构 `gs_equity`
--

CREATE TABLE IF NOT EXISTS `gs_equity` (
  `id` int(11) NOT NULL AUTO_INCREMENT COMMENT '主键',
  `totalnum` decimal(18,2) NOT NULL DEFAULT '0.00' COMMENT '总计发行',
  `currnum` decimal(18,2) NOT NULL DEFAULT '0.00' COMMENT '当前剩余',
  `edittime` int(11) NOT NULL COMMENT '更新时间',
  PRIMARY KEY (`id`)
) ENGINE=InnoDB  DEFAULT CHARSET=latin1 COMMENT='股本发行总表' AUTO_INCREMENT=2 ;

--
-- 转存表中的数据 `gs_equity`
--

INSERT INTO `gs_equity` (`id`, `totalnum`, `currnum`, `edittime`) VALUES
(1, '43339.00', '42337.00', 1526541035);

-- --------------------------------------------------------

--
-- 表的结构 `gs_equity_detail`
--

CREATE TABLE IF NOT EXISTS `gs_equity_detail` (
  `id` int(11) NOT NULL AUTO_INCREMENT COMMENT '主键',
  `addnum` decimal(18,2) NOT NULL DEFAULT '0.00' COMMENT '增发数量',
  `adduser` varchar(40) NOT NULL COMMENT '发行人',
  `addtime` int(11) NOT NULL COMMENT '增发时间',
  PRIMARY KEY (`id`)
) ENGINE=InnoDB  DEFAULT CHARSET=latin1 COMMENT='股本发行记录' AUTO_INCREMENT=20 ;

--
-- 转存表中的数据 `gs_equity_detail`
--

INSERT INTO `gs_equity_detail` (`id`, `addnum`, `adduser`, `addtime`) VALUES
(1, '100.00', '', 1526536426),
(2, '100.00', '', 1526536431),
(3, '100.00', '', 1526536436),
(4, '100.00', '', 1526537412),
(5, '100.00', '', 1526537633),
(6, '13.00', '', 1526537640),
(7, '13.00', '', 1526537644),
(8, '13.00', '', 1526537647),
(9, '100.00', '', 1526537650),
(10, '100.00', '', 1526537654),
(11, '100.00', '', 1526537657),
(12, '100.00', '', 1526537661),
(13, '100.00', '', 1526537665),
(14, '100.00', '', 1526537668),
(15, '100.00', '', 1526537672),
(16, '100.00', '', 1526537675),
(17, '10000.00', 'admin', 1526540951),
(18, '10000.00', 'admin', 1526540975),
(19, '22000.00', 'admin', 1526541035);

-- --------------------------------------------------------

--
-- 表的结构 `gs_farm_log`
--

CREATE TABLE IF NOT EXISTS `gs_farm_log` (
  `id` int(11) NOT NULL AUTO_INCREMENT,
  `userid` int(11) NOT NULL,
  `desc` varchar(125) NOT NULL COMMENT '购买描述',
  `create_time` int(11) NOT NULL,
  `farm_type` int(1) NOT NULL COMMENT '类型:1绿地2金地',
  `number` float(11,2) NOT NULL COMMENT '金额/用富贵蛋的个数',
  `farm_id` int(11) DEFAULT NULL COMMENT '地id',
  `type` tinyint(1) DEFAULT NULL COMMENT '1 养鸡 2孵化蛋',
  PRIMARY KEY (`id`)
) ENGINE=InnoDB  DEFAULT CHARSET=utf8 AUTO_INCREMENT=24192 ;

--
-- 转存表中的数据 `gs_farm_log`
--

INSERT INTO `gs_farm_log` (`id`, `userid`, `desc`, `create_time`, `farm_type`, `number`, `farm_id`, `type`) VALUES
(23954, 1, '', 1493363834, 1, 100.00, 1487, 2),
(23955, 1, '', 1493363971, 1, 600.00, 1487, 2),
(23956, 1, '', 1493364904, 1, 5.00, 1487, 1),
(23957, 1, '', 1493465516, 1, 93.00, 1487, 2),
(23958, 1, '', 1493489823, 2, 3143.00, 1493, 2),
(23959, 1, '', 1493509283, 2, 7188.00, 1501, 1),
(23960, 1, '', 1493522247, 2, 7182.00, 1502, 1),
(23961, 1, '', 1493522273, 2, 901.00, 1489, 2),
(23962, 1, '', 1493567619, 2, 21.00, 1489, 2),
(23963, 1, '', 1493581047, 1, 250.00, 1496, 2),
(23964, 1, '', 1493605276, 1, 9.00, 1499, 2),
(23965, 1, '', 1493606336, 2, 32.00, 1489, 1),
(23966, 1, '', 1493606394, 2, 593.00, 1489, 2),
(23967, 1, '', 1493610423, 2, 3209.00, 1489, 1),
(23968, 1, '', 1493666749, 2, 100.00, 1489, 2),
(23969, 1, '', 1493704448, 1, 200.00, 1487, 2),
(23970, 1357, '', 1493788444, 1, 6.00, 1488, 2),
(23971, 1, '', 1522747963, 2, 581.00, 1489, 1),
(23972, 1, '', 1522807082, 2, 500.00, 1489, 1),
(23973, 1, '', 1522807127, 2, 581.00, 1501, 1),
(23974, 1, '', 1522817241, 1, 581.00, 1490, 1),
(23975, 1, '', 1522825705, 1, 500.00, 1487, 1),
(23976, 1, '', 1522825723, 1, 81.00, 1492, 1),
(23977, 1357, '', 1522984158, 1, 1798.00, 1488, 1),
(23978, 1357, '', 1522984207, 1, 1798.00, 1488, 1),
(23979, 1357, '', 1522987045, 1, 1698.00, 1488, 1),
(23980, 1357, '', 1522987130, 1, 1000.00, 1488, 2),
(23981, 1366, '', 1522989452, 1, 200.00, 1505, 1),
(23982, 1366, '', 1522989518, 1, 200.00, 1505, 1),
(23983, 1366, '', 1522990965, 1, 200.00, 1505, 1),
(23984, 1357, '', 1523084086, 1, 3.00, 1506, 2),
(23985, 1357, '', 1523084112, 1, 2465.00, 1488, 1),
(23986, 1357, '', 1523089198, 1, 1.00, 1503, 1),
(23987, 1357, '', 1523089227, 1, 20.00, 1503, 2),
(23988, 1357, '', 1523093700, 1, 1111.00, 1503, 2),
(23989, 1357, '', 1523094359, 1, 21.00, 1507, 2),
(23990, 1357, '', 1523094395, 1, 1.00, 1488, 1),
(23991, 1357, '', 1523094404, 1, 90.00, 1503, 1),
(23992, 1357, '', 1523094414, 1, 800.00, 1503, 1),
(23993, 1357, '', 1523094426, 1, 41.00, 1503, 1),
(23994, 1357, '', 1523094640, 1, 931.00, 1507, 1),
(23995, 1357, '', 1523094786, 1, 2900.00, 1506, 1),
(23996, 1357, '', 1523094791, 1, 518.00, 1508, 1),
(23997, 1357, '', 1523106021, 1, 472.00, 1503, 1),
(23998, 1357, '', 1523142016, 1, 70.00, 1510, 1),
(23999, 1357, '', 1523182458, 1, 68.00, 1508, 1),
(24000, 1357, '', 1523182628, 1, 60.00, 1512, 1),
(24001, 1370, '', 1523250853, 1, 2700.00, 1517, 1),
(24002, 1370, '', 1523250905, 1, 2700.00, 1516, 1),
(24003, 1370, '', 1523250938, 1, 2700.00, 1518, 1),
(24004, 1370, '', 1523250983, 1, 2700.00, 1519, 1),
(24005, 1370, '', 1523251105, 2, 10000.00, 1520, 1),
(24006, 1370, '', 1523251122, 2, 10000.00, 1520, 1),
(24007, 1357, '', 1523266292, 2, 101.00, 1511, 2),
(24008, 1357, '', 1523266300, 2, 999.00, 1511, 2),
(24009, 1357, '', 1523266313, 2, 995.00, 1511, 2),
(24010, 1357, '', 1523266323, 2, 1101.00, 1511, 1),
(24011, 1357, '', 1523266332, 2, 11010.00, 1511, 1),
(24012, 1357, '', 1523266362, 2, 1100.00, 1511, 1),
(24013, 1357, '', 1523266373, 2, 1100.00, 1511, 1),
(24014, 1357, '', 1523266386, 2, 3000.00, 1511, 1),
(24015, 1357, '', 1523266421, 1, 300.00, 1512, 1),
(24016, 1357, '', 1523266429, 1, 1560.00, 1512, 1),
(24017, 1357, '', 1523266457, 1, 211.00, 1512, 1),
(24018, 1368, '', 1523269698, 1, 19.00, 1527, 2),
(24019, 1368, '', 1523269738, 1, 2400.00, 1524, 1),
(24020, 1368, '', 1523269742, 1, 2400.00, 1528, 1),
(24021, 1368, '', 1523269756, 1, 426.00, 1513, 1),
(24022, 1368, '', 1523269757, 1, 426.00, 1513, 1),
(24023, 1368, '', 1523269758, 1, 426.00, 1513, 1),
(24024, 1368, '', 1523269760, 1, 426.00, 1513, 1),
(24025, 1368, '', 1523269761, 1, 426.00, 1513, 1),
(24026, 1368, '', 1523269844, 1, 419.00, 1514, 1),
(24027, 1368, '', 1523269854, 1, 410.00, 1514, 1),
(24028, 1368, '', 1523269895, 1, 300.00, 1524, 1),
(24029, 1368, '', 1523269954, 2, 27000.00, 1534, 1),
(24030, 1370, '', 1523270532, 2, 7000.00, 1520, 1),
(24031, 1370, '', 1523270570, 2, 5000.00, 1536, 1),
(24032, 1368, '', 1523272857, 1, 2000.00, 1523, 1),
(24033, 1368, '', 1523273304, 2, 27000.00, 1533, 1),
(24034, 1368, '', 1523277977, 2, 2000.00, 1530, 1),
(24035, 1368, '', 1523277993, 1, 2000.00, 1527, 1),
(24036, 1368, '', 1523278009, 2, 27000.00, 1531, 1),
(24037, 1368, '', 1523278210, 1, 2700.00, 1529, 1),
(24038, 1368, '', 1523278224, 1, 1800.00, 1514, 1),
(24039, 1368, '', 1523278235, 1, 2700.00, 1522, 1),
(24040, 1368, '', 1523278253, 1, 2700.00, 1525, 1),
(24041, 1368, '', 1523278270, 1, 2700.00, 1526, 1),
(24042, 1368, '', 1523278316, 2, 25000.00, 1530, 1),
(24043, 1368, '', 1523278333, 2, 27000.00, 1532, 1),
(24044, 1357, '', 1523281208, 1, 2900.00, 1512, 2),
(24045, 1370, '', 1523282764, 1, 2700.00, 1518, 1),
(24046, 1370, '', 1523282904, 2, 16000.00, 1536, 1),
(24047, 1370, '', 1523282914, 2, 200.00, 1537, 1),
(24048, 1370, '', 1523283142, 1, 2600.00, 1519, 1),
(24049, 1370, '', 1523321664, 1, 88.00, 1519, 2),
(24050, 1370, '', 1523321700, 1, 9.00, 1518, 2),
(24051, 1370, '', 1523322041, 1, 2400.00, 1540, 1),
(24052, 1370, '', 1523322550, 2, 177.00, 1538, 2),
(24053, 1370, '', 1523322819, 1, 9.00, 1542, 2),
(24054, 1370, '', 1523322846, 2, 708.00, 1520, 2),
(24055, 1373, '', 1523333395, 1, 1.00, 1546, 2),
(24056, 1373, '', 1523333418, 1, 7.00, 1546, 2),
(24057, 1374, '', 1523333977, 1, 8.00, 1547, 2),
(24058, 1370, '', 1523335580, 2, 177.00, 1520, 1),
(24059, 1376, '', 1523348663, 1, 3.00, 1550, 2),
(24060, 1376, '', 1523351180, 1, 3.00, 1550, 1),
(24061, 1370, '', 1523351296, 1, 88.00, 1540, 2),
(24062, 1370, '', 1523351355, 1, 1000.00, 1516, 1),
(24063, 1370, '', 1523351389, 1, 981.00, 1517, 1),
(24064, 1370, '', 1523351404, 1, 86.00, 1519, 2),
(24065, 1370, '', 1523351427, 2, 5000.00, 1520, 1),
(24066, 1370, '', 1523351438, 2, 3000.00, 1537, 1),
(24067, 1370, '', 1523351447, 2, 500.00, 1520, 1),
(24068, 1370, '', 1523351493, 1, 95.00, 1543, 1),
(24069, 1370, '', 1523352032, 1, 1.00, 1540, 2),
(24070, 1371, '', 1523356746, 1, 8.00, 1521, 2),
(24071, 1376, '', 1523363402, 1, 3.00, 1550, 1),
(24072, 1370, '', 1523369343, 1, 82.00, 1517, 1),
(24073, 1370, '', 1523375768, 2, 4585.00, 1520, 1),
(24074, 1370, '', 1523377958, 1, 782.00, 1517, 1),
(24075, 1370, '', 1523379029, 1, 177.00, 1516, 2),
(24076, 1375, '', 1523435179, 1, 9.00, 1549, 2),
(24077, 1376, '', 1523437047, 1, 9.00, 1550, 2),
(24078, 1380, '', 1523438057, 1, 9.00, 1554, 2),
(24079, 1380, '', 1523438165, 1, 2.00, 1554, 2),
(24080, 1381, '', 1523438181, 1, 12.00, 1555, 2),
(24081, 1383, '', 1523438362, 1, 9.00, 1557, 2),
(24082, 1383, '', 1523438378, 1, 2.00, 1557, 2),
(24083, 1387, '', 1523439830, 1, 9.00, 1561, 2),
(24084, 1376, '', 1523439845, 1, 12.00, 1550, 1),
(24085, 1376, '', 1523439960, 1, 1.00, 1550, 2),
(24086, 1371, '', 1523439968, 1, 10.00, 1521, 2),
(24087, 1370, '', 1523447129, 2, 769.00, 1538, 2),
(24088, 1370, '', 1523452731, 2, 3000.00, 1520, 1),
(24089, 1370, '', 1523452743, 2, 3000.00, 1536, 1),
(24090, 1370, '', 1523452753, 2, 3000.00, 1537, 1),
(24091, 1370, '', 1523452764, 2, 5000.00, 1538, 1),
(24092, 1370, '', 1523452773, 2, 5000.00, 1539, 1),
(24093, 1370, '', 1523452785, 2, 2000.00, 1536, 1),
(24094, 1377, '', 1523458962, 1, 9.00, 1552, 2),
(24095, 1377, '', 1523459057, 1, 9.00, 1552, 1),
(24096, 1370, '', 1523461504, 1, 182.00, 1517, 1),
(24097, 1384, '', 1523462588, 1, 9.00, 1558, 2),
(24098, 1385, '', 1523463051, 1, 9.00, 1559, 2),
(24099, 1370, '', 1523463131, 1, 58.00, 1517, 1),
(24100, 1370, '', 1523463200, 1, 34.00, 1519, 2),
(24101, 1370, '', 1523465469, 2, 276.00, 1536, 2),
(24102, 1375, '', 1523484189, 1, 9.00, 1549, 2),
(24103, 1372, '', 1523486715, 1, 9.00, 1551, 2),
(24104, 1372, '', 1523486756, 1, 9.00, 1551, 2),
(24105, 1376, '', 1523487408, 1, 10.00, 1550, 2),
(24106, 1376, '', 1523487459, 1, 23.00, 1550, 1),
(24107, 1387, '', 1523495605, 1, 9.00, 1561, 2),
(24108, 1377, '', 1523496408, 1, 9.00, 1552, 1),
(24109, 1377, '', 1523496417, 1, 9.00, 1552, 2),
(24110, 1378, '', 1523498307, 1, 9.00, 1553, 2),
(24111, 1370, '', 1523500741, 1, 13.00, 1516, 2),
(24112, 1370, '', 1523508594, 1, 31.00, 1540, 2),
(24113, 1370, '', 1523512249, 2, 3800.00, 1536, 1),
(24114, 1370, '', 1523512258, 2, 12.00, 1536, 1),
(24115, 1370, '', 1523512296, 2, 3812.00, 1536, 1),
(24116, 1371, '', 1523520536, 1, 10.00, 1521, 2),
(24117, 1374, '', 1523521111, 1, 8.00, 1547, 1),
(24118, 1374, '', 1523521128, 1, 10.00, 1547, 2),
(24119, 1381, '', 1523523604, 1, 13.00, 1555, 2),
(24120, 1382, '', 1523523721, 1, 9.00, 1556, 2),
(24121, 1388, '', 1523524494, 1, 9.00, 1563, 2),
(24122, 1377, '', 1523530945, 1, 18.00, 1552, 1),
(24123, 1375, '', 1523531065, 1, 18.00, 1549, 1),
(24124, 1380, '', 1523533214, 1, 309.00, 1554, 2),
(24125, 1385, '', 1523533425, 1, 9.00, 1559, 2),
(24126, 1380, '', 1523533532, 1, 3.00, 1554, 2),
(24127, 1383, '', 1523535299, 1, 22.00, 1557, 2),
(24128, 1382, '', 1523536165, 1, 10.00, 1556, 2),
(24129, 1386, '', 1523536226, 1, 10.00, 1560, 2),
(24130, 1389, '', 1523547103, 1, 10.00, 1562, 2),
(24131, 1386, '', 1523547243, 1, 10.00, 1560, 2),
(24132, 1386, '', 1523547557, 1, 9.00, 1560, 2),
(24133, 1378, '', 1523579698, 1, 9.00, 1553, 1),
(24134, 1375, '', 1523579750, 1, 10.00, 1549, 2),
(24135, 1376, '', 1523583118, 1, 11.00, 1550, 2),
(24136, 1376, '', 1523583136, 1, 34.00, 1550, 1),
(24137, 1374, '', 1523585336, 1, 18.00, 1547, 1),
(24138, 1388, '', 1523509477, 1, 9.00, 1563, 2),
(24139, 1387, '', 1523510638, 1, 10.00, 1561, 2),
(24140, 1387, '', 1523510707, 1, 28.00, 1561, 1),
(24141, 1381, '', 1523511062, 1, 48.00, 1555, 2),
(24142, 1382, '', 1523511320, 1, 33.00, 1556, 2),
(24143, 1389, '', 1523511483, 1, 9.00, 1562, 2),
(24144, 1386, '', 1523511727, 1, 10.00, 1560, 2),
(24145, 1391, '', 1523511900, 2, 25000.00, 1568, 1),
(24146, 1391, '', 1523511978, 2, 24000.00, 1568, 1),
(24147, 1391, '', 1523511989, 2, 20000.00, 1569, 2),
(24148, 1391, '', 1523512000, 2, 2000.00, 1570, 2),
(24149, 1391, '', 1523512012, 2, 25000.00, 1571, 2),
(24150, 1391, '', 1523512020, 2, 4004.00, 1572, 2),
(24151, 1381, '', 1523512305, 1, 10.00, 1555, 2),
(24152, 1382, '', 1523512456, 1, 10.00, 1556, 2),
(24153, 1378, '', 1523513990, 1, 9.00, 1553, 2),
(24154, 1377, '', 1523514487, 1, 10.00, 1552, 2),
(24155, 1377, '', 1523514495, 1, 18.00, 1552, 1),
(24156, 1391, '', 1523529500, 2, 5.00, 1572, 2),
(24157, 1391, '', 1523529560, 2, 2500.00, 1572, 1),
(24158, 1371, '', 1523530760, 1, 10.00, 1521, 2),
(24159, 1375, '', 1523531008, 1, 10.00, 1549, 2),
(24160, 1372, '', 1523533369, 1, 9.00, 1551, 2),
(24161, 1379, '', 1523545755, 1, 9.00, 1564, 2),
(24162, 1376, '', 1523570457, 1, 11.00, 1550, 2),
(24163, 1376, '', 1523575304, 1, 1.00, 1550, 2),
(24164, 1376, '', 1523575631, 1, 46.00, 1550, 1),
(24165, 1376, '', 1523576342, 1, 46.00, 1550, 1),
(24166, 1389, '', 1523581351, 1, 10.00, 1562, 1),
(24167, 1380, '', 1523583803, 1, 14.00, 1554, 1),
(24168, 1380, '', 1523583825, 1, 19.00, 1554, 2),
(24169, 1384, '', 1523584022, 1, 10.00, 1558, 2),
(24170, 1385, '', 1523584118, 1, 10.00, 1559, 2),
(24171, 1380, '', 1523584214, 1, 3.00, 1554, 2),
(24172, 1383, '', 1523584293, 1, 2.00, 1557, 2),
(24173, 1384, '', 1523584706, 1, 9.00, 1558, 2),
(24174, 1391, '', 1523585973, 2, 7650.00, 1572, 2),
(24175, 1380, '', 1523586671, 1, 35.00, 1554, 2),
(24176, 1383, '', 1523586878, 1, 41.00, 1557, 2),
(24177, 1384, '', 1523586943, 1, 34.00, 1558, 2),
(24178, 1385, '', 1523586997, 1, 33.00, 1559, 2),
(24179, 1380, '', 1523587453, 1, 776.00, 1554, 2),
(24180, 1375, '', 1523588033, 1, 36.00, 1549, 2),
(24181, 1379, '', 1523588190, 1, 32.00, 1564, 2),
(24182, 1381, '', 1523592445, 1, 40.00, 1555, 2),
(24183, 1381, '', 1523592493, 1, 14.00, 1555, 2),
(24184, 1382, '', 1523592655, 1, 38.00, 1556, 2),
(24185, 1389, '', 1523592795, 1, 33.00, 1562, 2),
(24186, 1386, '', 1523592942, 1, 35.00, 1560, 2),
(24187, 1377, '', 1523592958, 1, 34.00, 1552, 2),
(24188, 1377, '', 1523592965, 1, 28.00, 1552, 1),
(24189, 1387, '', 1523595423, 1, 34.00, 1561, 2),
(24190, 1371, '', 1523620845, 1, 35.00, 1521, 2),
(24191, 1398, '', 1526119693, 1, 1.00, 1586, 1);

-- --------------------------------------------------------

--
-- 表的结构 `gs_goods`
--

CREATE TABLE IF NOT EXISTS `gs_goods` (
  `id` int(11) NOT NULL AUTO_INCREMENT,
  `goods_name` varchar(30) DEFAULT NULL COMMENT '商品名称',
  `goods_price` float(10,2) DEFAULT '0.00' COMMENT '商品价格',
  `goods_stock` int(11) DEFAULT '0' COMMENT '商品库存',
  `goods_imgurl` varchar(150) DEFAULT NULL COMMENT '商品图片',
  `enabled` tinyint(3) DEFAULT '0' COMMENT '0表示商品前端不显示 1表示显示',
  `deleted` tinyint(3) DEFAULT '0' COMMENT '0表示商品未删除1表示商品删除',
  `create_time` int(11) DEFAULT '0' COMMENT '商品添加时间',
  `update_time` int(11) DEFAULT '0' COMMENT '商品修改时间',
  PRIMARY KEY (`id`)
) ENGINE=InnoDB  DEFAULT CHARSET=utf8 COMMENT='农场商城商品' AUTO_INCREMENT=8 ;

--
-- 转存表中的数据 `gs_goods`
--

INSERT INTO `gs_goods` (`id`, `goods_name`, `goods_price`, `goods_stock`, `goods_imgurl`, `enabled`, `deleted`, `create_time`, `update_time`) VALUES
(1, 'test1', 11.00, 1000, NULL, 0, 1, 1523695046, 1523696158),
(2, 'test2', 13.00, 1000, NULL, 1, 0, 1523696463, 1523696988),
(3, 'test1', 11.00, 1000, NULL, 1, 0, 1523701236, 1523701236),
(4, '123', 100.00, 111111, '/Public/fuguiji/images/goods/20180415/201804151242378151test.png', 1, 0, 1523755788, 1523767357),
(5, 'test4', 14.00, 1000, '/Public/fuguiji/images/goods/20180415/201804151246344443test.png', 1, 0, 1523767594, 1523767594),
(6, '二狗子', 100.00, 11111, '/Public/fuguiji/images/goods/20180415/2018041513503010270.jpg', 1, 0, 1523771429, 1523771429),
(7, '大飞头', 10.00, 1111, '/Public/fuguiji/images/goods/20180415/20180415170437320857173d86a413b.jpg', 1, 0, 1523783077, 1523783077);

-- --------------------------------------------------------

--
-- 表的结构 `gs_goods_orders`
--

CREATE TABLE IF NOT EXISTS `gs_goods_orders` (
  `id` int(11) NOT NULL AUTO_INCREMENT,
  `goods_id` int(11) DEFAULT '0' COMMENT 'gs_goods中的主键ID',
  `goods_name` varchar(30) DEFAULT NULL COMMENT '下单时候的商品名称',
  `goods_price` float(10,2) DEFAULT '0.00' COMMENT '下单时商品价格',
  `goods_qty` int(11) DEFAULT '0' COMMENT '下单时商品数量',
  `order_amount` float(15,2) DEFAULT '0.00' COMMENT '订单总额',
  `pay_name` varchar(50) DEFAULT NULL COMMENT '支付方式 "余额支付" "元宝支付"',
  `member_id` int(11) DEFAULT '0' COMMENT '下单用户gs_member中的主键id',
  `member_account` varchar(20) DEFAULT NULL COMMENT '下单用户gs_member 中的account',
  `consignee_addr` varchar(255) DEFAULT NULL COMMENT '收货地址',
  `consignee_phone` varchar(30) DEFAULT NULL COMMENT '收货电话',
  `order_time` int(11) DEFAULT '0' COMMENT '下单时间',
  `status` tinyint(3) DEFAULT '0' COMMENT '订单状态',
  PRIMARY KEY (`id`)
) ENGINE=InnoDB  DEFAULT CHARSET=utf8 COMMENT='农场商品订单表' AUTO_INCREMENT=18 ;

--
-- 转存表中的数据 `gs_goods_orders`
--

INSERT INTO `gs_goods_orders` (`id`, `goods_id`, `goods_name`, `goods_price`, `goods_qty`, `order_amount`, `pay_name`, `member_id`, `member_account`, `consignee_addr`, `consignee_phone`, `order_time`, `status`) VALUES
(1, 3, 'test1', 11.00, 1, 11.00, '余额支付', 1362, '13852000001', NULL, NULL, 1523703309, 0),
(2, 3, 'test1', 11.00, 1, 11.00, '余额支付', 1362, '13852000001', NULL, NULL, 1523705707, 0),
(3, 3, 'test1', 11.00, 1, 11.00, '余额支付', 1362, '13852000001', NULL, NULL, 1523705771, 0),
(4, 2, 'test2', 13.00, 1, 13.00, '余额支付', 1362, '13852000001', NULL, NULL, 1523705775, 2),
(5, 3, 'test1', 11.00, 1, 11.00, '余额支付', 1367, '13327797846', NULL, NULL, 1523755729, 1),
(6, 5, 'test4', 14.00, 1, 14.00, '余额支付', 1367, '13327797846', '江苏大声的呼喊读', '13327797846', 1523773367, 2),
(7, 5, 'test4', 14.00, 1, 14.00, '元宝支付', 1367, '13327797846', '江苏大声的呼喊读', '13327797846', 1523773392, 0),
(8, 5, 'test4', 14.00, 1, 14.00, '余额支付', 1367, '13327797846', '江苏大声的呼喊读', '13327797846', 1523775225, 0),
(9, 6, '二狗子', 100.00, 1, 100.00, '元宝支付', 1367, '13327797846', '江苏大声的呼喊读', '13327797846', 1523782048, 1),
(10, 6, '二狗子', 100.00, 1, 100.00, '余额支付', 1367, '13327797846', '江苏大声的呼喊读', '13327797846', 1523782167, 0),
(11, 7, '大飞头', 10.00, 1, 10.00, '余额支付', 1367, '13327797846', '江苏大声的呼喊读', '13327797846', 1523843943, 1),
(12, 6, '二狗子', 100.00, 1, 100.00, '余额支付', 1398, '15100000000', '江苏泰州深度和恐惧时可减肥', '15100000000', 1523846319, 2),
(13, 6, '二狗子', 100.00, 1, 100.00, '元宝支付', 1398, '15100000000', '江苏泰州深度和恐惧时可减肥', '15100000000', 1523846332, 2),
(14, 5, 'test4', 14.00, 1, 14.00, '元宝支付', 1398, '15100000000', '江苏泰州深度和恐惧时可减肥', '15100000000', 1526119843, 0),
(15, 5, 'test4', 14.00, 1, 14.00, '元宝支付', 1398, '15100000000', '江苏泰州深度和恐惧时可减肥', '15100000000', 1526119846, 0),
(16, 5, 'test4', 14.00, 1, 14.00, '元宝支付', 1398, '15100000000', '江苏泰州深度和恐惧时可减肥', '15100000000', 1526195169, 0),
(17, 5, 'test4', 14.00, 1, 14.00, '元宝支付', 1398, '15100000000', '江苏泰州深度和恐惧时可减肥', '15100000000', 1526195303, 0);

-- --------------------------------------------------------

--
-- 表的结构 `gs_lottery`
--

CREATE TABLE IF NOT EXISTS `gs_lottery` (
  `id` int(11) NOT NULL AUTO_INCREMENT,
  `type` tinyint(4) NOT NULL COMMENT '0:鹅 ，1：实物',
  `name` varchar(30) NOT NULL,
  `animal_num` int(11) NOT NULL,
  `percent` int(11) NOT NULL,
  PRIMARY KEY (`id`)
) ENGINE=InnoDB  DEFAULT CHARSET=utf8 AUTO_INCREMENT=31 ;

--
-- 转存表中的数据 `gs_lottery`
--

INSERT INTO `gs_lottery` (`id`, `type`, `name`, `animal_num`, `percent`) VALUES
(25, 0, '一等奖', 50, 3),
(27, 0, '二等奖', 30, 5),
(28, 0, '三等奖', 10, 6),
(29, 0, '鼓励奖', 5, 8),
(30, 0, '再接再厉', 0, 30);

-- --------------------------------------------------------

--
-- 表的结构 `gs_lottery_record`
--

CREATE TABLE IF NOT EXISTS `gs_lottery_record` (
  `id` int(11) NOT NULL AUTO_INCREMENT,
  `userid` int(11) NOT NULL,
  `animal_num` int(11) NOT NULL,
  `name` varchar(30) NOT NULL,
  `create_time` int(11) NOT NULL,
  `send` tinyint(4) NOT NULL COMMENT '0：未发货 1：已发货',
  `address` varchar(200) NOT NULL,
  `receive` varchar(30) NOT NULL,
  `phone` char(15) NOT NULL,
  `kuaidi` varchar(1024) NOT NULL,
  `lotteryid` int(11) DEFAULT '0',
  PRIMARY KEY (`id`)
) ENGINE=InnoDB  DEFAULT CHARSET=utf8 AUTO_INCREMENT=2 ;

--
-- 转存表中的数据 `gs_lottery_record`
--

INSERT INTO `gs_lottery_record` (`id`, `userid`, `animal_num`, `name`, `create_time`, `send`, `address`, `receive`, `phone`, `kuaidi`, `lotteryid`) VALUES
(1, 1368, 0, '再接再厉', 1523283714, 1, '', '', '', '', 30);

-- --------------------------------------------------------

--
-- 表的结构 `gs_market`
--

CREATE TABLE IF NOT EXISTS `gs_market` (
  `id` int(11) NOT NULL AUTO_INCREMENT,
  `userid` int(11) NOT NULL,
  `touserid` int(11) NOT NULL,
  `number` int(11) NOT NULL COMMENT '挂卖多少个',
  `price` int(11) NOT NULL COMMENT '价格',
  `status` int(11) NOT NULL DEFAULT '1' COMMENT '1 挂卖中 2买家锁定 3交易完成',
  `create_time` int(11) NOT NULL,
  `type` int(11) NOT NULL COMMENT '1 市场 2 平台',
  PRIMARY KEY (`id`)
) ENGINE=InnoDB DEFAULT CHARSET=utf8 COMMENT='市场' AUTO_INCREMENT=1 ;

-- --------------------------------------------------------

--
-- 表的结构 `gs_market_price`
--

CREATE TABLE IF NOT EXISTS `gs_market_price` (
  `id` int(11) NOT NULL AUTO_INCREMENT,
  `title` varchar(22) NOT NULL,
  `start` varchar(20) NOT NULL,
  `price` decimal(4,2) NOT NULL COMMENT '利率',
  PRIMARY KEY (`id`),
  UNIQUE KEY `start` (`start`),
  KEY `start_2` (`start`)
) ENGINE=InnoDB  DEFAULT CHARSET=utf8 COMMENT='市场价格' AUTO_INCREMENT=14 ;

--
-- 转存表中的数据 `gs_market_price`
--

INSERT INTO `gs_market_price` (`id`, `title`, `start`, `price`) VALUES
(1, '当日利率:2.5%', '2018-04-08', '2.50'),
(2, '当日利率:2.5%', '2018-04-09', '2.50'),
(3, '当日利率:2.7%', '2018-04-10', '2.70'),
(4, '当日利率:2.7%', '2018-04-11', '2.70'),
(9, '当日利率:10%', '2018-04-12', '10.00'),
(10, '当日利率:8%', '2018-04-13', '8.00'),
(11, '当日利率:7%', '2018-04-14', '7.00'),
(12, '当日利率:10%', '2018-04-16', '10.00'),
(13, '当日利率:10%', '2018-04-15', '10.00');

-- --------------------------------------------------------

--
-- 表的结构 `gs_member`
--

CREATE TABLE IF NOT EXISTS `gs_member` (
  `id` int(10) unsigned NOT NULL AUTO_INCREMENT COMMENT '会员编号',
  `account` varchar(20) NOT NULL COMMENT '会员账户',
  `password` varchar(32) NOT NULL DEFAULT '' COMMENT '会员密码',
  `sex` tinyint(1) NOT NULL DEFAULT '1' COMMENT '1男 2女',
  `token` varchar(32) NOT NULL DEFAULT '1' COMMENT '用户token',
  `nickname` varchar(20) DEFAULT '' COMMENT '会员昵称',
  `realname` varchar(20) DEFAULT '' COMMENT '真实姓名',
  `references` varchar(20) DEFAULT '' COMMENT '介绍人',
  `second_generation` varchar(255) DEFAULT NULL COMMENT '二代',
  `three_generations` varchar(255) DEFAULT NULL COMMENT '三代',
  `wechat` varchar(20) DEFAULT NULL COMMENT '会员微信号',
  `phone` varchar(20) DEFAULT NULL COMMENT '手机号',
  `level` tinyint(1) NOT NULL DEFAULT '0' COMMENT '会员等级 0刚注册 未购买 1 购买过  正式玩家',
  `status` int(1) unsigned NOT NULL DEFAULT '0' COMMENT '用户状态0:正常  1:禁用',
  `path` text COMMENT '上级路径',
  `active` int(1) unsigned NOT NULL DEFAULT '0' COMMENT '激活状态 0:未激活 1:激活',
  `active_time` int(11) unsigned DEFAULT NULL COMMENT '激活时间',
  `safe_question` varchar(20) DEFAULT NULL COMMENT '密保问题',
  `safe_answer` varchar(20) DEFAULT NULL COMMENT '密保答案',
  `reg_ip` varchar(20) DEFAULT NULL COMMENT '注册Ip',
  `reg_time` int(13) unsigned DEFAULT NULL COMMENT '注册时间',
  `last_ip` varchar(20) DEFAULT NULL COMMENT '上一次登录ip',
  `last_time` int(13) unsigned DEFAULT NULL COMMENT '上一次登录时间',
  `alipay` varchar(20) DEFAULT NULL COMMENT '支付宝',
  `highpass` char(32) DEFAULT '' COMMENT '二级密码',
  `bank_name` varchar(30) DEFAULT NULL COMMENT '银行名字',
  `bank_account` varchar(12) DEFAULT NULL COMMENT '银行账户名',
  `bank_code` varchar(30) DEFAULT NULL COMMENT '账户号码',
  `bank_address` varchar(120) DEFAULT NULL COMMENT '账户地址',
  `money` decimal(8,2) NOT NULL DEFAULT '0.00' COMMENT '用户金额',
  `currency` decimal(11,2) DEFAULT '0.00' COMMENT '货币(富贵蛋)',
  `action_code` int(11) NOT NULL DEFAULT '0' COMMENT '拥有的激活码个数',
  `feed` int(11) NOT NULL DEFAULT '0' COMMENT '饲料个数 弃用',
  `dog_lev` tinyint(1) DEFAULT '0' COMMENT '狗等级',
  `machine` tinyint(1) DEFAULT '0' COMMENT '机器',
  `animal_num` decimal(11,2) DEFAULT '0.00' COMMENT '鸡个数',
  `enclosure_lev` tinyint(1) DEFAULT '0' COMMENT '围栏等级',
  `egg_parent_status` tinyint(1) DEFAULT '1' COMMENT '1上级未打扫 2上级已经打扫',
  `machine_egg` decimal(11,2) DEFAULT '0.00' COMMENT '机器里面的蛋',
  `machine_animal` decimal(11,2) DEFAULT '0.00' COMMENT '机器里面的鸡',
  `one_clean` tinyint(1) DEFAULT '0' COMMENT '0 没有 1 有',
  `crean_time` int(11) DEFAULT '0' COMMENT '打扫过期时间',
  `all_rate` decimal(11,2) DEFAULT '0.00' COMMENT '上次任务的所获得总利润',
  `tixian_animal` decimal(11,2) DEFAULT '0.00' COMMENT '课提现的鸡',
  `icon` varchar(64) DEFAULT NULL COMMENT '头像',
  `yuanbao` float(12,2) DEFAULT '0.00',
  `consignee_addr` varchar(255) DEFAULT NULL COMMENT '收货地址',
  `consignee_phone` varchar(30) DEFAULT NULL COMMENT '收货电话',
  `isadmin` tinyint(1) NOT NULL DEFAULT '0' COMMENT '是否推广管理员 0：否 1：是',
  PRIMARY KEY (`id`),
  UNIQUE KEY `account` (`account`)
) ENGINE=InnoDB  DEFAULT CHARSET=utf8 ROW_FORMAT=COMPACT AUTO_INCREMENT=1403 ;

--
-- 转存表中的数据 `gs_member`
--

INSERT INTO `gs_member` (`id`, `account`, `password`, `sex`, `token`, `nickname`, `realname`, `references`, `second_generation`, `three_generations`, `wechat`, `phone`, `level`, `status`, `path`, `active`, `active_time`, `safe_question`, `safe_answer`, `reg_ip`, `reg_time`, `last_ip`, `last_time`, `alipay`, `highpass`, `bank_name`, `bank_account`, `bank_code`, `bank_address`, `money`, `currency`, `action_code`, `feed`, `dog_lev`, `machine`, `animal_num`, `enclosure_lev`, `egg_parent_status`, `machine_egg`, `machine_animal`, `one_clean`, `crean_time`, `all_rate`, `tixian_animal`, `icon`, `yuanbao`, `consignee_addr`, `consignee_phone`, `isadmin`) VALUES
(1362, '13852000001', 'e10adc3949ba59abbe56e057f20f883e', 1, '78059d2e9303b491c6ab23150aae1306', '123123', '123123', '13327797846', '15299999999', '', '123123', '13852000001', 0, 0, NULL, 1, NULL, NULL, NULL, NULL, 1493696104, NULL, 1523850914, '123123', 'e10adc3949ba59abbe56e057f20f883e', NULL, NULL, '111111', NULL, '0.00', '0.00', 0, 0, 0, 0, '660.00', 0, 2, '0.00', '0.00', 0, 0, '0.00', '0.00', '1', 0.00, '123456', NULL, 0),
(1366, '18061986099', 'e10adc3949ba59abbe56e057f20f883e', 1, 'a43d9b0ab3fb676ae6292a43010086b6', '二小', '二小', '15299999999', '888888', '18750628997', '', '18061986099', 0, 0, NULL, 1, NULL, NULL, NULL, NULL, 1522988881, NULL, 1526549749, '', 'e10adc3949ba59abbe56e057f20f883e', NULL, NULL, NULL, NULL, '0.00', '93.60', 0, 0, 0, 0, '0.00', 0, 1, '0.00', '0.00', 0, 0, '31.20', '0.00', NULL, 0.00, NULL, NULL, 0),
(1367, '13327797846', 'e10adc3949ba59abbe56e057f20f883e', 1, 'f8efd9b9b996c7f0e532939a8ba04095', 'jj', 'hujia', '15299999999', '888888', '18750628997', 'xy5098036', '13327797846', 0, 0, NULL, 1, NULL, NULL, NULL, NULL, 1523242301, NULL, 1526550063, '117452259@qq.com', 'e35cf7b66449df565f93c607d5a81d09', NULL, NULL, '1526325125632', NULL, '0.00', '832.82', 0, 0, 0, 0, '400.00', 0, 1, '0.00', '0.00', 0, 0, '31.20', '20.00', NULL, 77.64, '江苏大声的呼喊读', NULL, 0),
(1369, '15161401166', 'e10adc3949ba59abbe56e057f20f883e', 1, '3ed5f5e93439d4dd4ce778847269731b', 'jhg', 'lb', '15299999999', '888888', '18750628997', '6547456846', '15161401166', 0, 0, NULL, 1, NULL, NULL, NULL, NULL, 1523243674, NULL, 1523508455, '36546546', 'e35cf7b66449df565f93c607d5a81d09', NULL, NULL, NULL, NULL, '0.00', '0.00', 0, 0, 0, 0, '0.00', 0, 1, '0.00', '0.00', 0, 0, '31.20', '0.00', NULL, 0.00, NULL, NULL, 0),
(1371, '15205079370', 'e10adc3949ba59abbe56e057f20f883e', 0, 'a4dd4944a43747399f09c160b0a9d5a6', '九妹', '九妹', '13685011584', '18137492292', '15299999999', '924972696', '15205079370', 0, 0, NULL, 1, NULL, NULL, NULL, NULL, 1523252094, NULL, 1523707008, '', '67640891472e4c7ab7396b868bf85bde', NULL, NULL, NULL, NULL, '0.00', '0.43', 0, 0, 0, 0, '0.00', 0, 1, '0.00', '0.00', 0, 0, '38.79', '0.00', NULL, 0.00, NULL, NULL, 0),
(1372, '17317857667', '200b34319a814e42df9228ff9e29eb7a', 1, '830610a924873e46a34a2721e7e50172', '煜婕7667', '陆煜婕', '18137492292', '15299999999', '888888', 'luyujie0617', '17317857667', 0, 0, NULL, 1, NULL, NULL, NULL, NULL, 1523277347, NULL, 1523554031, '', '3133a9bb9fc56e125d6599b0c02122a4', NULL, NULL, NULL, NULL, '0.00', '0.90', 0, 0, 0, 0, '18.00', 0, 1, '0.00', '0.00', 0, 0, '32.14', '0.00', NULL, 0.00, NULL, NULL, 0),
(1373, '17052983171', 'e10adc3949ba59abbe56e057f20f883e', 1, '3cb124fda958c9ac8b553c60b0ccca20', '天涯', '王超', '18137492292', '15299999999', '888888', '', '17052983171', 0, 0, NULL, 1, NULL, NULL, NULL, NULL, 1523281655, NULL, 1523333329, '', 'ca6d8c6401b8d99562757d3b11f5f706', NULL, NULL, NULL, NULL, '0.00', '0.70', 0, 0, 0, 0, '0.00', 0, 1, '0.00', '0.00', 0, 0, '32.03', '0.00', NULL, 0.00, NULL, NULL, 0),
(1374, '13751096010', '9983f4053637e8d6728705cb6fd38d65', 1, '61a344948dde4142fb23ab7914c45c04', '王顺顺', '聚米米', '18137492292', '15299999999', '888888', '', '13751096010', 0, 0, NULL, 1, NULL, NULL, NULL, NULL, 1523282203, NULL, 1523533285, '', '3d8858b9b87e533499f4f3cf562aba81', NULL, NULL, NULL, NULL, '0.00', '0.25', 0, 0, 0, 0, '0.00', 0, 1, '0.00', '0.00', 0, 0, '33.07', '0.00', NULL, 0.00, NULL, NULL, 0),
(1375, '18827687499', 'd3b71361b07ae4adc8594ba4717de552', 0, 'a2a2d9a070d7dc88cc1ad933bf68cca1', '石金莲7499', '石金莲', '13685011584', '18137492292', '15299999999', 'szl18827687499', '18827687499', 0, 0, NULL, 1, NULL, NULL, NULL, NULL, 1523321926, NULL, 1523588006, '18827687499', 'e10adc3949ba59abbe56e057f20f883e', NULL, NULL, NULL, NULL, '0.00', '0.06', 0, 0, 0, 0, '0.00', 0, 1, '0.00', '0.00', 0, 0, '38.90', '0.00', NULL, 0.00, NULL, NULL, 0),
(1376, '15568074851', 'bc78657b71d1977a46f4eb5fc0ebc53c', 1, '42562d289632f22e3224b3034d51a2e9', '状4851', '陈状状', '18137492292', '15299999999', '888888', 'zhuangpangzi001', '15568074851', 0, 0, NULL, 1, NULL, NULL, NULL, NULL, 1523326714, NULL, 1523582694, '15568074851', 'e358a41b5de41023eb3ad48220e36382', NULL, NULL, NULL, NULL, '0.00', '0.32', 0, 0, 0, 0, '0.00', 0, 1, '0.00', '0.00', 0, 0, '35.98', '10.00', NULL, 0.00, NULL, NULL, 0),
(1377, '13823128696', 'b1974843692d56e7c197640af15b88e1', 1, '3b48fa56a85f0210e0d43a33cf60cdc9', '胜8696', '李国胜', '15568074851', '18137492292', '15299999999', '13823128696', '13823128696', 0, 0, NULL, 1, NULL, NULL, NULL, NULL, 1523347292, NULL, 1523592906, '13823128696', 'c47d2ef8df72703bf7512b84c22b428c', NULL, NULL, NULL, NULL, '0.00', '0.85', 0, 0, 0, 0, '0.00', 0, 1, '0.00', '0.00', 0, 0, '37.65', '0.00', '3', 0.00, NULL, NULL, 0),
(1378, '13296476917', '844bd604030f16d20fc48e3c6a4d16aa', 1, '2bf77e8d316e2ed49d898fa865b3d173', '对接大学生', '侯亚军', '13685011584', '18137492292', '15299999999', 'j2895109557', '13296476917', 0, 0, NULL, 1, NULL, NULL, NULL, NULL, 1523361068, NULL, 1523582663, '17353871015', '6ea36b1875e3bf4250f76aa43a5e6327', NULL, NULL, NULL, NULL, '0.00', '0.88', 0, 0, 0, 0, '0.00', 0, 1, '0.00', '0.00', 0, 0, '33.07', '30.00', '2', 0.00, NULL, NULL, 0),
(1379, '13705986017', 'e10adc3949ba59abbe56e057f20f883e', 0, '4e4fbb718742fae8cf51ee7709116b7a', '梦洁', '郭梦洁', '13685011584', '18137492292', '15299999999', 'mj330', '13705986017', 0, 0, NULL, 1, NULL, NULL, NULL, NULL, 1523361771, NULL, 1523588144, '', 'e10adc3949ba59abbe56e057f20f883e', NULL, NULL, NULL, NULL, '0.00', '0.44', 0, 0, 0, 0, '0.00', 0, 1, '0.00', '0.00', 0, 0, '35.46', '0.00', NULL, 0.00, NULL, NULL, 0),
(1380, '15959030580', '5ba2b25867ffc9b3afcb79af703286c9', 0, '89e0e29ec4ddb8a01560b4da6810a648', '露露', '露露', '13685011584', '18137492292', '15299999999', 'zhu7-8', '15959030580', 0, 0, NULL, 1, NULL, NULL, NULL, NULL, 1523369321, NULL, 1523587435, '', 'e10adc3949ba59abbe56e057f20f883e', NULL, NULL, NULL, NULL, '0.00', '0.41', 0, 0, 0, 0, '0.00', 0, 1, '0.00', '0.00', 0, 0, '119.29', '40.00', NULL, 0.00, NULL, NULL, 0),
(1381, '15979888000', '3e5f1217a504acacfd1f16459b9b3bea', 1, '8414b62a4068026567749be5b6f20216', '龙龙', '林志文', '15959030580', '13685011584', '18137492292', 'Linzhiw123', '15979888000', 0, 0, NULL, 1, NULL, NULL, NULL, NULL, 1523371179, NULL, 1523593128, '', 'cf742d448458b151753f602416f671ad', NULL, NULL, NULL, NULL, '0.00', '0.29', 0, 0, 0, 0, '0.00', 0, 1, '0.00', '0.00', 0, 0, '45.45', '40.00', NULL, 0.00, NULL, NULL, 0),
(1382, '13665087143', '3e5f1217a504acacfd1f16459b9b3bea', 1, 'a162b4e05c6c77c90103b1a33936b071', '林裕', '林裕', '15979888000', '15959030580', '13685011584', 'Lu649599914', '13665087143', 0, 0, NULL, 1, NULL, NULL, NULL, NULL, 1523372656, NULL, 1523592636, '', '03918c2b726cb53556608c9da759d45b', NULL, NULL, NULL, NULL, '0.00', '0.02', 0, 0, 0, 0, '0.00', 0, 1, '0.00', '0.00', 0, 0, '41.60', '0.00', NULL, 0.00, NULL, NULL, 0),
(1383, '15959031523', 'e10adc3949ba59abbe56e057f20f883e', 1, 'db032e82dc1f20191e6444e1f8e87268', '林', '林', '15959030580', '13685011584', '18137492292', 'rsjmx550', '15959031523', 0, 0, NULL, 1, NULL, NULL, NULL, NULL, 1523373297, NULL, 1523586834, '', 'e10adc3949ba59abbe56e057f20f883e', NULL, NULL, NULL, NULL, '0.00', '0.57', 0, 0, 0, 0, '0.00', 0, 1, '0.00', '0.00', 0, 0, '39.10', '20.00', NULL, 0.00, NULL, NULL, 0),
(1384, '15059420009', 'e10adc3949ba59abbe56e057f20f883e', 1, '1d2bd73fcf5688debeb05531df6a6767', '小芳', '小方', '15959031523', '15959030580', '13685011584', 'Lynx-beli', '15059420009', 0, 0, NULL, 1, NULL, NULL, NULL, NULL, 1523374607, NULL, 1523603367, '', 'e10adc3949ba59abbe56e057f20f883e', NULL, NULL, NULL, NULL, '0.00', '0.99', 0, 0, 0, 0, '0.00', 0, 1, '0.00', '0.00', 0, 0, '37.65', '0.00', NULL, 0.00, NULL, NULL, 0),
(1385, '17706912382', 'e10adc3949ba59abbe56e057f20f883e', 1, 'cd4e70e7c3f200614cf29c9d7025fb79', '小麦', '小麦', '15959031523', '15959030580', '13685011584', 'Maggie1370699905', '17706912382', 0, 0, NULL, 1, NULL, NULL, NULL, NULL, 1523375140, NULL, 1523587834, '', 'e10adc3949ba59abbe56e057f20f883e', NULL, NULL, NULL, NULL, '0.00', '0.64', 0, 0, 0, 0, '52.00', 0, 1, '0.00', '0.00', 0, 0, '31.20', '0.00', NULL, 0.00, NULL, NULL, 0),
(1386, '13055558977', '929334ebdafbfffee2ccee7f443b2731', 1, '04b293e155ac697b51c2713ec2e6d0ba', '姐夫', '姐夫', '15979888000', '15959030580', '13685011584', 'Lam-Jessica', '13055558977', 0, 0, NULL, 1, NULL, NULL, NULL, NULL, 1523375253, NULL, 1523592927, '', 'e10adc3949ba59abbe56e057f20f883e', NULL, NULL, NULL, NULL, '0.00', '0.76', 0, 0, 0, 0, '0.00', 0, 1, '0.00', '0.00', 0, 0, '38.90', '0.00', NULL, 0.00, NULL, NULL, 0),
(1387, '13799962511', 'e10adc3949ba59abbe56e057f20f883e', 1, '1e5c64382caf0b17bd946bd72ea58121', '德华', '德华', '15979888000', '15959030580', '13685011584', 'falaiya789', '13799962511', 0, 0, NULL, 1, NULL, NULL, NULL, NULL, 1523377814, NULL, 1523595343, '', 'e10adc3949ba59abbe56e057f20f883e', NULL, NULL, NULL, NULL, '0.00', '0.85', 0, 0, 0, 0, '0.00', 0, 1, '0.00', '0.00', 0, 0, '37.65', '0.00', '2', 0.00, NULL, NULL, 0),
(1388, '18750187873', 'e10adc3949ba59abbe56e057f20f883e', 0, 'eb916930d41eb1b71e46bf821c2657b4', '丽娜', '丽娜', '15959030580', '13685011584', '18137492292', '123456', '18750187873', 0, 0, NULL, 1, NULL, NULL, NULL, NULL, 1523447653, NULL, 1523585623, '', 'e10adc3949ba59abbe56e057f20f883e', NULL, NULL, NULL, NULL, '0.00', '0.88', 0, 0, 0, 0, '0.00', 0, 1, '0.00', '0.00', 0, 0, '33.07', '0.00', NULL, 0.00, NULL, NULL, 0),
(1389, '13950259997', 'e10adc3949ba59abbe56e057f20f883e', 1, '3c0b1159a8d664c7e828b7533092b17e', '思怡', '思怡', '15979888000', '15959030580', '13685011584', 'dj279-', '13950259997', 0, 0, NULL, 1, NULL, NULL, NULL, NULL, 1523452701, NULL, 1523592778, '', 'e10adc3949ba59abbe56e057f20f883e', NULL, NULL, NULL, NULL, '0.00', '0.79', 0, 0, 0, 0, '0.00', 0, 1, '0.00', '0.00', 0, 0, '36.61', '0.00', NULL, 0.00, NULL, NULL, 0),
(1390, '17620828657', 'e10adc3949ba59abbe56e057f20f883e', 1, 'a614e7b483108c1515d16ed6f191fc35', '洋洋', '洋洋', '13327797846', '15299999999', '888888', '', '17630838657', 0, 0, NULL, 1, NULL, NULL, NULL, NULL, 1523524852, NULL, NULL, '', '33432e31ea9221137c5939101e2157b8', NULL, NULL, NULL, NULL, '0.00', '0.00', 0, 0, 0, 0, '300.00', 0, 2, '0.00', '0.00', 0, 0, '0.00', '0.00', NULL, 0.00, NULL, NULL, 0),
(1391, '13685011584', 'e10adc3949ba59abbe56e057f20f883e', 1, '656f069fe2c669e8045b77cf05fdb1b6', '随风', '随风', '15959030580', '13685011584', '18137492292', '123456', '13685011584', 0, 1, NULL, 1, NULL, NULL, NULL, NULL, 1523535449, NULL, 1523619228, '', 'e10adc3949ba59abbe56e057f20f883e', NULL, NULL, NULL, NULL, '0.00', '17.97', 0, 0, 9, 1, '41785.00', 0, 1, '10000.00', '1085.00', 0, 0, '6310.25', '20.00', NULL, 0.00, NULL, NULL, 0),
(1392, '13599371985', 'e10adc3949ba59abbe56e057f20f883e', 1, 'd548764126973a4cce365c48577f20b1', '123456', '等', '13685011584', '15959030580', '13685011584', '123456', '13599371985', 0, 0, NULL, 1, NULL, NULL, NULL, NULL, 1523585076, NULL, NULL, '', 'e10adc3949ba59abbe56e057f20f883e', NULL, NULL, NULL, NULL, '0.00', '0.00', 0, 0, 0, 0, '300.00', 0, 1, '0.00', '0.00', 0, 0, '0.00', '0.00', NULL, 0.00, NULL, NULL, 0),
(1393, '15653505844', 'dadf7f52e28986e1744619a715ee42e9', 1, '68efeffdffb44371c38275a994f57933', '恩啊哦呃5844', '项林', '13296476917', '13685011584', '18137492292', '15653505844', '15653505844', 0, 0, NULL, 1, NULL, NULL, NULL, NULL, 1523594323, NULL, 1523620071, '15653505844', 'bad385ed754570355c79bfd82d36a6cd', NULL, NULL, NULL, NULL, '0.00', '0.00', 0, 0, 0, 0, '0.00', 0, 1, '0.00', '0.00', 0, 0, '31.20', '0.00', NULL, 0.00, NULL, NULL, 0),
(1394, '15154512308', '228bc1a22be1906cd8fcd5cdef99da1e', 1, '677add7dc713e39413a5c47160d17ca4', '晴晴', '123456', '13296476917', '13685011584', '18137492292', 'A13047493660', '15154512308', 0, 0, NULL, 1, NULL, NULL, NULL, NULL, 1523594478, NULL, 1523613878, '13047493660', 'f8413bfcd02dc29aaa78f761c9601b74', NULL, NULL, NULL, NULL, '0.00', '0.00', 0, 0, 0, 0, '0.00', 0, 1, '0.00', '0.00', 0, 0, '31.20', '0.00', NULL, 0.00, NULL, NULL, 0),
(1395, '18363770546', 'de9e8f70093f55c23ddef2a6a170728b', 1, '05442df1d7ab43c0a1a5c15351e27c31', '洒脱0546', '史亮', '13296476917', '13685011584', '18137492292', 'sl1531647642', '18363770546', 0, 0, NULL, 1, NULL, NULL, NULL, NULL, 1523594655, NULL, 1523613308, '18363770546', 'ddeb32bb1d4c370da9bf013716d37970', NULL, NULL, NULL, NULL, '0.00', '0.00', 0, 0, 0, 0, '0.00', 0, 1, '0.00', '0.00', 0, 0, '31.20', '0.00', '2', 0.00, NULL, NULL, 0),
(1396, '18661817957', '4172d8ca18395beafe806bd960ba4a7d', 1, '25af5fd9af7f37242354f1f388ddee52', '刘小厨', '刘小厨', '13685011584', '15959030580', '13685011584', 'xuelangxiu80', '18661817957', 0, 0, NULL, 1, NULL, NULL, NULL, NULL, 1523600718, NULL, 1523619940, '123456', 'e10adc3949ba59abbe56e057f20f883e', NULL, NULL, NULL, NULL, '0.00', '0.00', 0, 0, 0, 0, '0.00', 0, 1, '0.00', '0.00', 0, 0, '31.20', '10.00', '2', 0.00, NULL, NULL, 0),
(1397, '15763961953', 'fefbc1708bdcc00e42c3a2533c0f3de6', 1, 'f40ed94c71e45bd733d524b264bf117f', '王洋洋', '王阳', '18661817957', '13685011584', '15959030580', 'wenle19810802', '15763961953', 0, 0, NULL, 1, NULL, NULL, NULL, NULL, 1523619296, NULL, 1523620148, '', 'e10adc3949ba59abbe56e057f20f883e', NULL, NULL, NULL, NULL, '0.00', '0.00', 0, 0, 0, 0, '0.00', 0, 1, '0.00', '0.00', 0, 0, '31.20', '0.00', NULL, 0.00, NULL, NULL, 0),
(1398, '15100000000', 'e10adc3949ba59abbe56e057f20f883e', 1, 'e2094bc8e47ff8753ab4811a264dd2f4', '网', '王二小', '13327797846', '15299999999', '888888', '123456', '15100000000', 0, 0, NULL, 1, NULL, NULL, NULL, NULL, 1523844813, NULL, 1526550289, '123564895', '', NULL, NULL, '12346789562362', NULL, '0.00', '10590.50', 0, 0, 0, 0, '400.00', 0, 2, '0.00', '0.00', 0, 0, '31.20', '8.00', '1', 24.00, '江苏泰州深度和恐惧时可减肥', NULL, 0),
(1399, '15100000001', 'e10adc3949ba59abbe56e057f20f883e', 1, '1765e12f2fb2bd53782a0f3aeb78f5e0', '李晓峰', '李晓峰', '15100000000', '13327797846', '15299999999', NULL, '15100000001', 0, 0, '15100000000', 1, NULL, NULL, NULL, NULL, 1526192997, NULL, 1526224110, NULL, '', NULL, NULL, NULL, NULL, '0.00', '855736.00', 0, 0, 0, 0, '58920242.00', 0, 1, '0.00', '0.00', 0, 0, '0.00', '0.00', NULL, 0.00, NULL, NULL, 1),
(1402, '15965437241', 'e10adc3949ba59abbe56e057f20f883e', 1, '05b7ced4c3532dfb927fa90e82c40688', '46545645', 'zhangAlexis', '15100000000', NULL, NULL, NULL, '15965437241', 0, 0, NULL, 1, NULL, NULL, NULL, NULL, 1526540108, NULL, 1526549445, NULL, '', NULL, NULL, NULL, NULL, '0.00', '0.00', 0, 0, 0, 0, '102.00', 0, 1, '0.00', '0.00', 0, 0, '0.00', '0.00', NULL, 0.00, NULL, NULL, 0);

-- --------------------------------------------------------

--
-- 表的结构 `gs_member_cash`
--

CREATE TABLE IF NOT EXISTS `gs_member_cash` (
  `id` int(10) unsigned NOT NULL AUTO_INCREMENT COMMENT '钱包编号',
  `mid` int(10) unsigned NOT NULL COMMENT '会员id',
  `baoli_wallet` int(20) unsigned DEFAULT '0' COMMENT '保利',
  `baotong_wallet` int(20) unsigned DEFAULT '0' COMMENT '宝通',
  `gongyi_wallet` int(20) unsigned DEFAULT '0' COMMENT '公益',
  `gold_wallet` int(20) unsigned DEFAULT '0' COMMENT '金币',
  `baofeng_wallet` int(20) unsigned DEFAULT '0' COMMENT '宝丰',
  `make_wallet` int(20) unsigned DEFAULT '0' COMMENT '每天生产金币',
  `count_wallet` int(20) unsigned DEFAULT '0' COMMENT '累积挂卖金币',
  `test_wallet` int(20) unsigned DEFAULT '0',
  `financial_wallet` decimal(8,2) NOT NULL COMMENT '理财钱包',
  `reward_wallet` decimal(8,2) NOT NULL COMMENT '奖励钱包',
  `drawing_wallet` decimal(8,2) NOT NULL DEFAULT '0.00' COMMENT '提现钱包',
  PRIMARY KEY (`id`)
) ENGINE=InnoDB  DEFAULT CHARSET=utf8 ROW_FORMAT=COMPACT AUTO_INCREMENT=13 ;

--
-- 转存表中的数据 `gs_member_cash`
--

INSERT INTO `gs_member_cash` (`id`, `mid`, `baoli_wallet`, `baotong_wallet`, `gongyi_wallet`, `gold_wallet`, `baofeng_wallet`, `make_wallet`, `count_wallet`, `test_wallet`, `financial_wallet`, `reward_wallet`, `drawing_wallet`) VALUES
(1, 2, 0, 0, 0, 0, 0, 0, 0, 0, '0.00', '0.00', '0.00'),
(2, 1325, 0, 0, 0, 0, 0, 0, 0, 0, '0.00', '0.00', '0.00'),
(3, 1326, 0, 0, 0, 0, 0, 0, 0, 0, '0.00', '0.00', '0.00'),
(4, 1327, 0, 0, 0, 0, 0, 0, 0, 0, '0.00', '0.00', '0.00'),
(5, 1328, 0, 0, 0, 0, 0, 0, 0, 0, '0.00', '0.00', '0.00'),
(6, 1329, 0, 0, 0, 0, 0, 0, 0, 0, '0.00', '0.00', '0.00'),
(7, 1359, 0, 0, 0, 0, 0, 0, 0, 0, '0.00', '0.00', '0.00'),
(8, 1360, 0, 0, 0, 0, 0, 0, 0, 0, '0.00', '0.00', '0.00'),
(9, 1361, 0, 0, 0, 0, 0, 0, 0, 0, '0.00', '0.00', '0.00'),
(10, 1365, 0, 0, 0, 0, 0, 0, 0, 0, '0.00', '0.00', '0.00'),
(11, 1400, 0, 0, 0, 0, 0, 0, 0, 0, '0.00', '0.00', '0.00'),
(12, 1402, 0, 0, 0, 0, 0, 0, 0, 0, '0.00', '0.00', '0.00');

-- --------------------------------------------------------

--
-- 表的结构 `gs_member_cash_log`
--

CREATE TABLE IF NOT EXISTS `gs_member_cash_log` (
  `id` int(10) unsigned NOT NULL AUTO_INCREMENT COMMENT '交易记录信息',
  `before_prize` int(20) unsigned DEFAULT '0' COMMENT '当前奖励钱包',
  `prize` int(10) DEFAULT '0' COMMENT '奖励',
  `after_prize` int(20) unsigned DEFAULT '0' COMMENT '获得奖励之后的金额',
  `date` int(13) DEFAULT NULL COMMENT '生成时间',
  `touch_member` varchar(20) NOT NULL COMMENT '触发用户账户',
  `recep_member` varchar(20) NOT NULL COMMENT '接收用户',
  `status` int(1) unsigned DEFAULT '0' COMMENT '状态 0 收益 1支出',
  `content` varchar(128) DEFAULT NULL COMMENT '明细',
  `wallet` int(1) DEFAULT NULL COMMENT '钱包类型0:现金钱包 1:奖励钱包 2:排单币 3 理财钱包 4提现钱包',
  `drawing_name` varchar(122) DEFAULT NULL COMMENT '提款人的姓名',
  `drawing_code` varchar(122) NOT NULL COMMENT '提款人的卡号',
  `zhuangtai` int(1) NOT NULL DEFAULT '1' COMMENT '1 成功 2失败 3ing',
  `orderid` varchar(255) DEFAULT NULL,
  `msg` varchar(255) DEFAULT NULL,
  PRIMARY KEY (`id`)
) ENGINE=MyISAM  DEFAULT CHARSET=utf8 ROW_FORMAT=COMPACT AUTO_INCREMENT=208 ;

--
-- 转存表中的数据 `gs_member_cash_log`
--

INSERT INTO `gs_member_cash_log` (`id`, `before_prize`, `prize`, `after_prize`, `date`, `touch_member`, `recep_member`, `status`, `content`, `wallet`, `drawing_name`, `drawing_code`, `zhuangtai`, `orderid`, `msg`) VALUES
(176, 0, 5000, 5000, 1493318499, '888888', '系统', 0, '系统赠送', 2, NULL, '', 1, NULL, NULL),
(177, NULL, 300, NULL, 1493455995, '123456', '系统', 0, '系统赠送', 1, NULL, '', 1, NULL, NULL),
(178, 0, 1000, 1000, 1522987117, '15299999999', '系统', 0, '系统赠送', 2, NULL, '', 1, NULL, NULL),
(179, 1, 100, 101, 1523091253, '15299999999', '系统', 0, '系统赠送', 2, NULL, '', 1, NULL, NULL),
(180, NULL, 50, NULL, 1523091324, '15299999999', '系统', 0, '系统赠送', 1, NULL, '', 1, NULL, NULL),
(181, 101, 1000, 1101, 1523091476, '15299999999', '系统', 0, '系统赠送', 2, NULL, '', 1, NULL, NULL),
(182, NULL, 111111111, NULL, 1523242286, '15299999999', '系统', 0, '系统赠送', 1, NULL, '', 1, NULL, NULL),
(183, 0, 1000000, 1000000, 1523242297, '15299999999', '系统', 0, '系统赠送', 2, NULL, '', 1, NULL, NULL),
(184, 0, 200, 200, 1523524765, '13327797846', '系统', 0, '系统赠送', 2, NULL, '', 1, NULL, NULL),
(185, 200, 500, 700, 1523524778, '13327797846', '系统', 0, '系统赠送', 2, NULL, '', 1, NULL, NULL),
(186, 0, 300, 300, 1523525862, '15959030580', '系统', 0, '系统赠送', 2, NULL, '', 1, NULL, NULL),
(187, 2, 10, 12, 1523534336, '15959031523', '系统', 0, '系统赠送', 2, NULL, '', 1, NULL, NULL),
(188, 12, 10, 22, 1523534353, '15959031523', '系统', 0, '系统赠送', 2, NULL, '', 1, NULL, NULL),
(189, 0, 10, 10, 1523534377, '13665087143 ', '系统', 0, '系统赠送', 2, NULL, '', 1, NULL, NULL),
(190, 0, 10, 10, 1523534391, '13055558977', '系统', 0, '系统赠送', 2, NULL, '', 1, NULL, NULL),
(191, 0, 10, 10, 1523535330, '15059420009', '系统', 0, '系统赠送', 2, NULL, '', 1, NULL, NULL),
(192, 0, 10, 10, 1523535405, '15959030580', '系统', 0, '系统赠送', 2, NULL, '', 1, NULL, NULL),
(193, 0, 30000, 30000, 1523535661, '13685011584', '系统', 0, '系统赠送', 2, NULL, '', 1, NULL, NULL),
(194, 0, 10, 10, 1523540126, '13950259997', '系统', 0, '系统赠送', 2, NULL, '', 1, NULL, NULL),
(195, 0, 10, 10, 1523540140, '13055558977', '系统', 0, '系统赠送', 2, NULL, '', 1, NULL, NULL),
(196, NULL, 300, NULL, 1523576374, '13685011584', '系统', 0, '系统赠送', 1, NULL, '', 1, NULL, NULL),
(197, 700, 330, 1030, 1523508018, '13327797846', '系统', 0, '系统赠送', 2, NULL, '', 1, NULL, NULL),
(198, NULL, 330, NULL, 1523508048, '13327797846', '系统', 0, '系统赠送', 1, NULL, '', 1, NULL, NULL),
(199, NULL, 1000, NULL, 1523508572, '13327797846', '系统', 0, '系统赠送', 1, NULL, '', 1, NULL, NULL),
(200, NULL, 1000, NULL, 1523511313, '13685011584', '系统', 0, '系统赠送', 1, NULL, '', 1, NULL, NULL),
(201, 30004, 1000, 31004, 1523511596, '13685011584', '系统', 0, '系统赠送', 2, NULL, '', 1, NULL, NULL),
(202, 31004, 30000, 61004, 1523511682, '13685011584', '系统', 0, '系统赠送', 2, NULL, '', 1, NULL, NULL),
(203, NULL, 60000, NULL, 1523511707, '13685011584', '系统', 0, '系统赠送', 1, NULL, '', 1, NULL, NULL),
(204, 5, 1000, 1005, 1523771817, '13327797846', '系统', 0, '系统赠送', 2, NULL, '', 1, NULL, NULL),
(205, NULL, 1000, NULL, 1523845273, '15100000000', '系统', 0, '系统赠送', 1, NULL, '', 1, NULL, NULL),
(206, 0, 1000, 1000, 1523845294, '15100000000', '系统', 0, '系统赠送', 2, NULL, '', 1, NULL, NULL),
(207, NULL, 1002, NULL, 1526540247, '15965437241', '系统', 0, '系统赠送', 1, NULL, '', 1, NULL, NULL);

-- --------------------------------------------------------

--
-- 表的结构 `gs_notice`
--

CREATE TABLE IF NOT EXISTS `gs_notice` (
  `id` int(11) unsigned NOT NULL AUTO_INCREMENT COMMENT '公告显示的id',
  `content` text COMMENT '公告内容',
  `date` int(11) DEFAULT NULL COMMENT '公告时间',
  `title` varchar(120) DEFAULT NULL,
  PRIMARY KEY (`id`)
) ENGINE=InnoDB  DEFAULT CHARSET=utf8 ROW_FORMAT=COMPACT AUTO_INCREMENT=12 ;

--
-- 转存表中的数据 `gs_notice`
--

INSERT INTO `gs_notice` (`id`, `content`, `date`, `title`) VALUES
(11, '&lt;b&gt;欢迎来到聚米田庄，聚米田庄有你更精彩。你给我一份信任，我还你一个奇迹。&lt;/b&gt;', 1523284602, '聚米田庄4.9内测');

-- --------------------------------------------------------

--
-- 表的结构 `gs_rate_log`
--

CREATE TABLE IF NOT EXISTS `gs_rate_log` (
  `id` int(11) NOT NULL AUTO_INCREMENT,
  `task_id` int(11) NOT NULL COMMENT '任务id',
  `base_rate` float(6,4) DEFAULT NULL COMMENT '每日利率基础利率',
  `dog_rate` float(6,4) DEFAULT NULL COMMENT '哈士奇利率',
  `enclosure_rate` float(6,3) DEFAULT NULL COMMENT '围栏利率',
  `machine_animal` int(11) DEFAULT NULL,
  `machine_rate` float(6,4) DEFAULT NULL,
  `time` varchar(20) DEFAULT NULL COMMENT '时间月 日',
  `all_currency` decimal(11,2) DEFAULT NULL COMMENT '蛋数量',
  `userid` int(11) DEFAULT NULL,
  `create_time` int(11) DEFAULT NULL COMMENT '创建时间',
  PRIMARY KEY (`id`)
) ENGINE=InnoDB  DEFAULT CHARSET=utf8 AUTO_INCREMENT=87 ;

--
-- 转存表中的数据 `gs_rate_log`
--

INSERT INTO `gs_rate_log` (`id`, `task_id`, `base_rate`, `dog_rate`, `enclosure_rate`, `machine_animal`, `machine_rate`, `time`, `all_currency`, `userid`, `create_time`) VALUES
(1, 1, 0.0270, NULL, NULL, NULL, 0.0270, '04-11', '501.69', 1, 1523509101),
(2, 1, 0.0270, NULL, NULL, NULL, 0.0270, '04-11', '137.70', 1357, 1523509101),
(3, 1, 0.0270, 0.0000, -0.004, 0, 0.0270, '04-11', '9.30', 1366, 1523509101),
(4, 1, 0.0270, NULL, NULL, NULL, 0.0270, '04-11', '4595.91', 1368, 1523509101),
(5, 1, 0.0270, NULL, NULL, NULL, 0.0270, '04-11', '1251.88', 1370, 1523509101),
(6, 1, 0.0270, 0.0000, -0.004, 0, 0.0270, '04-11', '10.17', 1371, 1523509101),
(7, 1, 0.0270, 0.0000, -0.004, 0, 0.0270, '04-11', '9.55', 1373, 1523509101),
(8, 1, 0.0270, 0.0000, -0.004, 0, 0.0270, '04-11', '9.86', 1374, 1523509101),
(9, 1, 0.0270, 0.0000, -0.004, 0, 0.0270, '04-11', '9.30', 1369, 1523509101),
(10, 1, 0.0270, 0.0000, -0.004, 0, 0.0270, '04-11', '10.17', 1375, 1523509101),
(11, 1, 0.0270, 0.0000, -0.004, 0, 0.0270, '04-11', '10.35', 1376, 1523509101),
(12, 1, 0.0270, 0.0000, -0.004, 0, 0.0270, '04-11', '9.30', 1372, 1523509101),
(13, 1, 0.0270, 0.0000, -0.004, 0, 0.0270, '04-11', '9.86', 1377, 1523509101),
(14, 1, 0.0270, 0.0000, -0.004, 0, 0.0270, '04-11', '9.58', 1378, 1523509101),
(15, 1, 0.0270, 0.0000, -0.004, 0, 0.0270, '04-11', '9.30', 1380, 1523509101),
(16, 1, 0.0270, 0.0000, -0.004, 0, 0.0270, '04-11', '10.08', 1381, 1523509101),
(17, 1, 0.0270, 0.0000, -0.004, 0, 0.0270, '04-11', '9.89', 1382, 1523509101),
(18, 1, 0.0270, 0.0000, -0.004, 0, 0.0270, '04-11', '10.32', 1383, 1523509101),
(19, 1, 0.0270, 0.0000, -0.004, 0, 0.0270, '04-11', '9.58', 1384, 1523509101),
(20, 1, 0.0270, 0.0000, -0.004, 0, 0.0270, '04-11', '9.58', 1385, 1523509101),
(21, 1, 0.0270, 0.0000, -0.004, 0, 0.0270, '04-11', '10.20', 1386, 1523509101),
(22, 1, 0.0270, 0.0000, -0.004, 0, 0.0270, '04-11', '9.86', 1387, 1523509101),
(23, 1, 0.0270, 0.0000, -0.004, 0, 0.0270, '04-11', '9.61', 1389, 1523509101),
(24, 1, 0.0270, 0.0000, -0.004, 0, 0.0270, '04-11', '9.58', 1388, 1523509101),
(25, 1, 0.0270, 0.0000, -0.004, 0, 0.0270, '04-11', '9.30', 1379, 1523509101),
(26, 1, 0.0270, 0.0000, -0.004, 0, 0.0270, '04-11', '9.30', 1367, 1523509101),
(27, 2, 0.1000, NULL, NULL, NULL, 0.1000, '04-12', '1858.10', 1, 1523585739),
(28, 2, 0.1000, NULL, NULL, NULL, 0.1000, '04-12', '510.00', 1357, 1523585739),
(29, 2, 0.1000, 0.0000, -0.004, 0, 0.1000, '04-12', '31.20', 1366, 1523585739),
(30, 2, 0.1000, NULL, NULL, NULL, 0.1000, '04-12', '17021.90', 1368, 1523585739),
(31, 2, 0.1000, NULL, NULL, NULL, 0.1000, '04-12', '4636.60', 1370, 1523585739),
(32, 2, 0.1000, 0.0000, -0.004, 0, 0.1000, '04-12', '35.15', 1371, 1523585739),
(33, 2, 0.1000, 0.0000, -0.004, 0, 0.1000, '04-12', '32.03', 1373, 1523585739),
(34, 2, 0.1000, 0.0000, -0.004, 0, 0.1000, '04-12', '33.07', 1374, 1523585739),
(35, 2, 0.1000, 0.0000, -0.004, 0, 0.1000, '04-12', '31.20', 1369, 1523585739),
(36, 2, 0.1000, 0.0000, -0.004, 0, 0.1000, '04-12', '35.15', 1375, 1523585739),
(37, 2, 0.1000, 0.0000, -0.004, 0, 0.1000, '04-12', '35.98', 1376, 1523585739),
(38, 2, 0.1000, 0.0000, -0.004, 0, 0.1000, '04-12', '32.14', 1372, 1523585739),
(39, 2, 0.1000, 0.0000, -0.004, 0, 0.1000, '04-12', '34.11', 1377, 1523585739),
(40, 2, 0.1000, 0.0000, -0.004, 0, 0.1000, '04-12', '33.07', 1378, 1523585739),
(41, 2, 0.1000, 0.0000, -0.004, 0, 0.1000, '04-12', '34.94', 1380, 1523585739),
(42, 2, 0.1000, 0.0000, -0.004, 0, 0.1000, '04-12', '39.83', 1381, 1523585739),
(43, 2, 0.1000, 0.0000, -0.004, 0, 0.1000, '04-12', '37.65', 1382, 1523585739),
(44, 2, 0.1000, 0.0000, -0.004, 0, 0.1000, '04-12', '34.84', 1383, 1523585739),
(45, 2, 0.1000, 0.0000, -0.004, 0, 0.1000, '04-12', '34.11', 1384, 1523585739),
(46, 2, 0.1000, 0.0000, -0.004, 0, 0.1000, '04-12', '33.18', 1385, 1523585739),
(47, 2, 0.1000, 0.0000, -0.004, 0, 0.1000, '04-12', '35.26', 1386, 1523585739),
(48, 2, 0.1000, 0.0000, -0.004, 0, 0.1000, '04-12', '34.11', 1387, 1523585739),
(49, 2, 0.1000, 0.0000, -0.004, 0, 0.1000, '04-12', '33.18', 1389, 1523585739),
(50, 2, 0.1000, 0.0000, -0.004, 0, 0.1000, '04-12', '33.07', 1388, 1523585739),
(51, 2, 0.1000, 0.0000, -0.004, 0, 0.1000, '04-12', '32.14', 1379, 1523585739),
(52, 2, 0.1000, 0.0000, -0.004, 0, 0.1000, '04-12', '31.20', 1367, 1523585739),
(53, 2, 0.1000, 0.0045, -0.004, 1085, 0.1000, '04-12', '7650.23', 1391, 1523585739),
(54, 3, 0.1000, NULL, NULL, NULL, 0.1000, '04-15', '1858.10', 1, 1523846576),
(55, 3, 0.1000, NULL, NULL, NULL, 0.1000, '04-15', '510.00', 1357, 1523846576),
(56, 3, 0.1000, 0.0000, -0.004, 0, 0.1000, '04-15', '31.20', 1366, 1523846576),
(57, 3, 0.1000, NULL, NULL, NULL, 0.1000, '04-15', '17021.90', 1368, 1523846576),
(58, 3, 0.1000, NULL, NULL, NULL, 0.1000, '04-15', '4636.60', 1370, 1523846576),
(59, 3, 0.1000, 0.0000, -0.004, 0, 0.1000, '04-15', '38.79', 1371, 1523846576),
(60, 3, 0.1000, 0.0000, -0.004, 0, 0.1000, '04-15', '32.03', 1373, 1523846576),
(61, 3, 0.1000, 0.0000, -0.004, 0, 0.1000, '04-15', '33.07', 1374, 1523846576),
(62, 3, 0.1000, 0.0000, -0.004, 0, 0.1000, '04-15', '31.20', 1369, 1523846576),
(63, 3, 0.1000, 0.0000, -0.004, 0, 0.1000, '04-15', '38.90', 1375, 1523846576),
(64, 3, 0.1000, 0.0000, -0.004, 0, 0.1000, '04-15', '35.98', 1376, 1523846576),
(65, 3, 0.1000, 0.0000, -0.004, 0, 0.1000, '04-15', '32.14', 1372, 1523846576),
(66, 3, 0.1000, 0.0000, -0.004, 0, 0.1000, '04-15', '37.65', 1377, 1523846576),
(67, 3, 0.1000, 0.0000, -0.004, 0, 0.1000, '04-15', '33.07', 1378, 1523846576),
(68, 3, 0.1000, 0.0000, -0.004, 0, 0.1000, '04-15', '119.29', 1380, 1523846576),
(69, 3, 0.1000, 0.0000, -0.004, 0, 0.1000, '04-15', '45.45', 1381, 1523846576),
(70, 3, 0.1000, 0.0000, -0.004, 0, 0.1000, '04-15', '41.60', 1382, 1523846576),
(71, 3, 0.1000, 0.0000, -0.004, 0, 0.1000, '04-15', '39.10', 1383, 1523846576),
(72, 3, 0.1000, 0.0000, -0.004, 0, 0.1000, '04-15', '37.65', 1384, 1523846576),
(73, 3, 0.1000, 0.0000, -0.004, 0, 0.1000, '04-15', '31.20', 1385, 1523846576),
(74, 3, 0.1000, 0.0000, -0.004, 0, 0.1000, '04-15', '38.90', 1386, 1523846576),
(75, 3, 0.1000, 0.0000, -0.004, 0, 0.1000, '04-15', '37.65', 1387, 1523846576),
(76, 3, 0.1000, 0.0000, -0.004, 0, 0.1000, '04-15', '36.61', 1389, 1523846576),
(77, 3, 0.1000, 0.0000, -0.004, 0, 0.1000, '04-15', '33.07', 1388, 1523846576),
(78, 3, 0.1000, 0.0000, -0.004, 0, 0.1000, '04-15', '35.46', 1379, 1523846576),
(79, 3, 0.1000, 0.0000, -0.004, 0, 0.1000, '04-15', '31.20', 1367, 1523846576),
(80, 3, 0.1000, 0.0045, -0.004, 1085, 0.1000, '04-15', '6310.25', 1391, 1523846576),
(81, 3, 0.1000, 0.0000, -0.004, 0, 0.1000, '04-15', '31.20', 1393, 1523846576),
(82, 3, 0.1000, 0.0000, -0.004, 0, 0.1000, '04-15', '31.20', 1394, 1523846576),
(83, 3, 0.1000, 0.0000, -0.004, 0, 0.1000, '04-15', '31.20', 1396, 1523846576),
(84, 3, 0.1000, 0.0000, -0.004, 0, 0.1000, '04-15', '31.20', 1395, 1523846576),
(85, 3, 0.1000, 0.0000, -0.004, 0, 0.1000, '04-15', '31.20', 1397, 1523846576),
(86, 3, 0.1000, 0.0000, -0.004, 0, 0.1000, '04-15', '31.20', 1398, 1523846576);

-- --------------------------------------------------------

--
-- 表的结构 `gs_rate_task`
--

CREATE TABLE IF NOT EXISTS `gs_rate_task` (
  `id` int(11) unsigned NOT NULL AUTO_INCREMENT COMMENT '任务id',
  `username` varchar(120) NOT NULL,
  `create_time` varchar(11) NOT NULL,
  `task_date` varchar(20) NOT NULL,
  `end_time` varchar(20) DEFAULT NULL,
  PRIMARY KEY (`id`)
) ENGINE=InnoDB  DEFAULT CHARSET=utf8 ROW_FORMAT=COMPACT AUTO_INCREMENT=4 ;

--
-- 转存表中的数据 `gs_rate_task`
--

INSERT INTO `gs_rate_task` (`id`, `username`, `create_time`, `task_date`, `end_time`) VALUES
(1, 'admin', '2018-04-12 ', '2018-04-11', '2018-04-12 12:58:22'),
(2, 'admin', '2018-04-13 ', '2018-04-12', '2018-04-13 10:15:41'),
(3, 'admin', '2018-04-16 ', '2018-04-15', '2018-04-16 10:42:57');

-- --------------------------------------------------------

--
-- 表的结构 `gs_resource_log`
--

CREATE TABLE IF NOT EXISTS `gs_resource_log` (
  `id` int(11) NOT NULL AUTO_INCREMENT,
  `userid` int(11) NOT NULL COMMENT '使用者',
  `type` int(11) NOT NULL COMMENT '1激活码 2私聊',
  `counts` int(1) NOT NULL DEFAULT '1' COMMENT '使用数量',
  `create_time` int(11) NOT NULL COMMENT '时间',
  `touserid` int(11) NOT NULL COMMENT '对谁使用',
  PRIMARY KEY (`id`)
) ENGINE=InnoDB DEFAULT CHARSET=utf8 COMMENT='资源使用记录' AUTO_INCREMENT=1 ;

-- --------------------------------------------------------

--
-- 表的结构 `gs_sms_log`
--

CREATE TABLE IF NOT EXISTS `gs_sms_log` (
  `id` int(11) NOT NULL AUTO_INCREMENT,
  `mobile` char(11) NOT NULL,
  `code` int(6) NOT NULL,
  `content` varchar(125) NOT NULL,
  `expiration_time` int(11) NOT NULL,
  PRIMARY KEY (`id`),
  KEY `mobile` (`mobile`)
) ENGINE=MyISAM  DEFAULT CHARSET=utf8 AUTO_INCREMENT=172 ;

--
-- 转存表中的数据 `gs_sms_log`
--

INSERT INTO `gs_sms_log` (`id`, `mobile`, `code`, `content`, `expiration_time`) VALUES
(158, '18888888888', 636648, '您正在重设密码，验证码：636648，TEC提醒您注意账号安全【天鹅城】', 1493374464),
(159, '13345565672', 231265, '您正在重设密码，验证码：231265，TEC提醒您注意账号安全【天鹅城】', 1493457320),
(160, '13142411393', 198996, '您正在重设密码，验证码：198996，TEC提醒您注意账号安全【天鹅城】', 1493566435),
(161, '15233333333', 334453, '您正在重设密码，验证码：334453，TEC提醒您注意账号安全【天鹅城】', 1493790107),
(162, '17317857667', 524500, '您正在重设密码，验证码：524500，聚米田庄 提醒您注意账号安全', 1523334536),
(163, '18661817957', 266385, '您正在重设密码，验证码：266385，聚米田庄 提醒您注意账号安全', 1523611371),
(164, '15100000000', 219903, '验证码：219903请尽快使用该验证码进行您的大雞大利游戏。', 1526196628),
(165, '15965437241', 188903, '验证码：188903请尽快使用该验证码进行您的大雞大利游戏。', 1526548596),
(166, '15965437241', 434801, '验证码：434801请尽快使用该验证码进行您的大雞大利游戏。', 1526548674),
(167, '15965437241', 221492, '验证码：221492请尽快使用该验证码进行您的大雞大利游戏。', 1526548774),
(168, '15965437241', 168182, '验证码：168182请尽快使用该验证码进行您的大雞大利游戏。', 1526549240),
(169, '15965437241', 359572, '验证码：359572请尽快使用该验证码进行您的大雞大利游戏。', 1526550047),
(170, '15965437241', 147181, '验证码：147181请尽快使用该验证码进行您的大雞大利游戏。', 1526551281),
(171, '15965437241', 422256, '验证码：422256请尽快使用该验证码进行您的大雞大利游戏。', 1526551352);

-- --------------------------------------------------------

--
-- 表的结构 `gs_system_config`
--

CREATE TABLE IF NOT EXISTS `gs_system_config` (
  `id` int(2) unsigned NOT NULL COMMENT '系统配置表',
  `web_title` varchar(20) DEFAULT NULL COMMENT '网站名字',
  `rank_name` varchar(50) DEFAULT NULL COMMENT '等级名称',
  `max_rank` varchar(2) DEFAULT '0' COMMENT '最大等级',
  `rank_default` varchar(10) DEFAULT '0' COMMENT '等级缺省值',
  `offspring_limit` varchar(50) DEFAULT '0' COMMENT '代数收益限制',
  `dynamic_income` varchar(50) DEFAULT '0' COMMENT '动态收益参数',
  `under_limit` varchar(50) DEFAULT '0' COMMENT '下属要求限制',
  `team_limit` varchar(50) DEFAULT '0' COMMENT '团队要求限制',
  `log_prize_name` varchar(20) DEFAULT NULL COMMENT '交易记录中的奖励名称',
  `debit_under_cash` int(10) unsigned DEFAULT '500' COMMENT '用户不打款扣除上级的费用',
  `ban_member_time` int(10) unsigned DEFAULT NULL COMMENT '用户封号时间',
  `to_start_time` int(11) DEFAULT NULL COMMENT '每日开始时间',
  `to_end_time` int(11) DEFAULT NULL COMMENT '每日结束时间',
  `to_switch_time` int(1) DEFAULT NULL COMMENT '开始结束开关',
  `admin_title` varchar(30) DEFAULT NULL COMMENT '后台标题',
  `limit_help_get` varchar(120) DEFAULT NULL COMMENT '提现限制',
  `limit_help_to` varchar(120) DEFAULT NULL COMMENT '帮助限制',
  `limit_help_get_switch` int(1) DEFAULT NULL COMMENT '提现限制开关0:关1:开',
  `limit_help_to_switch` int(1) DEFAULT NULL COMMENT '帮助限制开关',
  `economic_foam_switch` int(1) DEFAULT NULL COMMENT '烧伤开关',
  `economic_foam_i` int(1) DEFAULT NULL COMMENT '烧伤比例',
  `ticket_switch` int(1) DEFAULT NULL COMMENT '入场券开关 0:关1:开',
  `ticket_msg` varchar(30) DEFAULT NULL COMMENT '入场卷不足提示',
  `limit_to_money` varchar(30) DEFAULT NULL COMMENT '限制提供的钱',
  `limit_get_money` varchar(30) DEFAULT NULL COMMENT '限制取现',
  `member_level_get` varchar(60) DEFAULT NULL COMMENT '等级限制取现',
  `member_level_to` varchar(60) DEFAULT NULL COMMENT '等级限制拍单',
  `ticket_use` varchar(30) DEFAULT NULL COMMENT '入场券使用规则两种模式',
  `init_cash_wallet` int(11) DEFAULT NULL COMMENT '用户注册送钱',
  `init_prize_wallet` int(11) DEFAULT NULL COMMENT '用户',
  `init_ticket_wallet` int(11) DEFAULT NULL COMMENT '初始化入场卷',
  `before_interest` float(11,2) unsigned DEFAULT '0.00' COMMENT '排队利息',
  `after_interest` float(11,2) unsigned DEFAULT '0.00' COMMENT '打款后利息',
  `sms_uid` varchar(20) DEFAULT NULL COMMENT '短信uid',
  `sms_pass` varchar(20) DEFAULT NULL COMMENT '短信密码',
  `sms_type` int(1) DEFAULT NULL,
  `sms_mate` varchar(120) DEFAULT NULL,
  `all_count` varchar(60) DEFAULT NULL COMMENT '拍单数量',
  `prize_day` int(2) unsigned DEFAULT NULL,
  `sms_reg` varchar(60) DEFAULT NULL,
  `bili` varchar(10) DEFAULT NULL,
  `fenhong` int(11) NOT NULL COMMENT '分红百分比',
  `fee` int(2) NOT NULL COMMENT '手续费',
  PRIMARY KEY (`id`)
) ENGINE=InnoDB DEFAULT CHARSET=utf8 ROW_FORMAT=COMPACT;

-- --------------------------------------------------------

--
-- 表的结构 `gs_tool_admin`
--

CREATE TABLE IF NOT EXISTS `gs_tool_admin` (
  `id` int(10) unsigned NOT NULL AUTO_INCREMENT COMMENT '后台管理',
  `username` varchar(20) DEFAULT NULL COMMENT '管理账号',
  `password` varchar(32) DEFAULT NULL,
  PRIMARY KEY (`id`)
) ENGINE=InnoDB  DEFAULT CHARSET=utf8 ROW_FORMAT=COMPACT AUTO_INCREMENT=11 ;

--
-- 转存表中的数据 `gs_tool_admin`
--

INSERT INTO `gs_tool_admin` (`id`, `username`, `password`) VALUES
(10, 'admin', 'e10adc3949ba59abbe56e057f20f883e');

-- --------------------------------------------------------

--
-- 表的结构 `gs_tool_admin_log`
--

CREATE TABLE IF NOT EXISTS `gs_tool_admin_log` (
  `id` int(11) unsigned NOT NULL AUTO_INCREMENT,
  `user` varchar(30) DEFAULT NULL,
  `content` varchar(120) DEFAULT NULL,
  `date` int(11) DEFAULT NULL,
  `ip` varchar(20) DEFAULT NULL,
  PRIMARY KEY (`id`)
) ENGINE=InnoDB  DEFAULT CHARSET=utf8mb4 AUTO_INCREMENT=313 ;

--
-- 转存表中的数据 `gs_tool_admin_log`
--

INSERT INTO `gs_tool_admin_log` (`id`, `user`, `content`, `date`, `ip`) VALUES
(182, 'admin888', '登陆后台管理', 1493297119, '36.4.19.78'),
(183, 'admin', '登陆后台管理', 1493318193, '180.124.151.213'),
(184, 'admin', '登陆后台管理', 1493318707, '222.217.222.81'),
(185, 'admin', '登陆后台管理', 1493319102, '106.114.218.51'),
(186, 'admin', '登陆后台管理', 1493321425, '106.114.218.51'),
(187, 'admin', '登陆后台管理', 1493324289, '106.114.78.192'),
(188, 'admin', '登陆后台管理', 1493361940, '117.171.8.133'),
(189, 'admin', '登陆后台管理', 1493362005, '180.124.151.213'),
(190, 'admin', '登陆后台管理', 1493362944, '180.124.151.213'),
(191, 'admin', '登陆后台管理', 1493447807, '222.140.87.101'),
(192, 'admin', '登陆后台管理', 1493448835, '180.124.151.213'),
(193, 'admin', '登陆后台管理', 1493451643, '110.16.3.189'),
(194, 'admin123', '登陆后台管理', 1493461859, '110.16.3.189'),
(195, 'admin', '登陆后台管理', 1493466584, '117.27.180.251'),
(196, 'admin', '登陆后台管理', 1493466778, '180.124.151.213'),
(197, 'admin123', '登陆后台管理', 1493469024, '110.16.3.189'),
(198, 'admin', '登陆后台管理', 1493525814, '218.29.82.58'),
(199, 'admin', '登陆后台管理', 1493527744, '115.50.187.133'),
(200, 'admin', '登陆后台管理', 1493528189, '218.29.82.58'),
(201, 'admin', '登陆后台管理', 1493540238, '122.96.41.151'),
(202, 'admin123', '登陆后台管理', 1493557144, '1.182.61.226'),
(203, 'admin123', '登陆后台管理', 1493557524, '1.182.61.226'),
(204, 'admin123', '登陆后台管理', 1493562169, '180.124.148.166'),
(205, 'admin', '登陆后台管理', 1493563447, '180.124.148.166'),
(206, 'admin', '登陆后台管理', 1493568028, '27.200.140.211'),
(207, 'admin', '登陆后台管理', 1493571135, '113.63.81.117'),
(208, 'admin', '登陆后台管理', 1493580902, '111.113.69.129'),
(209, 'admin', '登陆后台管理', 1493600201, '180.125.240.161'),
(210, 'admin', '登陆后台管理', 1493600210, '222.140.84.133'),
(211, 'admin', '登陆后台管理', 1493604970, '221.13.233.125'),
(212, 'admin', '登陆后台管理', 1493642502, '218.26.54.112'),
(213, 'admin', '登陆后台管理', 1493644404, '180.125.240.161'),
(214, 'admin', '登陆后台管理', 1493644772, '222.140.84.133'),
(215, 'admin', '登陆后台管理', 1493644951, '171.10.186.239'),
(216, 'admin', '登陆后台管理', 1493656614, '180.125.240.161'),
(217, 'admin', '登陆后台管理', 1493665845, '171.10.50.210'),
(218, 'admin', '登陆后台管理', 1493695820, '180.125.240.161'),
(219, 'admin', '登陆后台管理', 1493733195, '60.213.233.19'),
(220, 'admin', '登陆后台管理', 1493733614, '182.46.167.134'),
(221, 'admin', '登陆后台管理', 1493766872, '182.46.167.134'),
(222, 'admin', '登陆后台管理', 1493768353, '182.46.167.134'),
(223, 'admin', '登陆后台管理', 1493776985, '42.84.244.58'),
(224, 'admin', '登陆后台管理', 1493787294, '180.125.240.161'),
(225, 'admin', '登陆后台管理', 1522825429, '121.230.143.139'),
(226, 'admin', '登陆后台管理', 1522826397, '121.230.143.139'),
(227, 'admin', '登陆后台管理', 1522847688, '223.72.60.208'),
(228, 'admin', '登陆后台管理', 1522848853, '221.230.165.121'),
(229, 'admin', '登陆后台管理', 1522851965, '223.72.60.208'),
(230, 'admin', '登陆后台管理', 1522905955, '49.95.183.0'),
(231, 'admin', '登陆后台管理', 1522984393, '117.136.104.205'),
(232, 'admin', '登陆后台管理', 1522985850, '123.161.217.29'),
(233, 'admin', '登陆后台管理', 1522987038, '180.122.59.88'),
(234, 'admin', '登陆后台管理', 1522987461, '180.122.59.88'),
(235, 'admin', '登陆后台管理', 1522991067, '180.122.59.88'),
(236, 'admin', '登陆后台管理', 1522991367, '180.122.59.88'),
(237, 'admin', '登陆后台管理', 1523085333, '36.157.68.162'),
(238, 'admin', '登陆后台管理', 1523087217, '36.157.68.162'),
(239, 'admin', '登陆后台管理', 1523091106, '180.122.59.88'),
(240, 'admin', '登陆后台管理', 1523106198, '1.196.13.50'),
(241, 'admin', '登陆后台管理', 1523142296, '1.196.13.50'),
(242, 'admin', '登陆后台管理', 1523151079, '1.196.13.50'),
(243, 'admin', '登陆后台管理', 1523162940, '1.196.13.50'),
(244, 'admin', '登陆后台管理', 1523167493, '1.196.13.50'),
(245, 'admin', '登陆后台管理', 1523241950, '180.175.17.93'),
(246, 'admin', '登陆后台管理', 1523242267, '221.230.164.193'),
(247, 'admin', '登陆后台管理', 1523246205, '1.196.13.50'),
(248, 'admin', '登陆后台管理', 1523246924, '1.196.13.50'),
(249, 'admin', '登陆后台管理', 1523247362, '221.230.164.193'),
(250, 'admin', '登陆后台管理', 1523263086, '180.102.201.198'),
(251, 'admin', '登陆后台管理', 1523264756, '36.157.68.162'),
(252, 'admin', '登陆后台管理', 1523269574, '123.151.77.70'),
(253, 'admin', '登陆后台管理', 1523277378, '116.231.222.93'),
(254, 'admin', '登陆后台管理', 1523280422, '123.151.77.70'),
(255, 'admin', '登陆后台管理', 1523282604, '221.230.231.139'),
(256, 'admin', '登陆后台管理', 1523283334, '116.231.222.93'),
(257, 'admin', '登陆后台管理', 1523314903, '123.151.77.70'),
(258, 'admin', '登陆后台管理', 1523315041, '171.10.64.146'),
(259, 'admin', '登陆后台管理', 1523315645, '123.151.77.70'),
(260, 'admin', '登陆后台管理', 1523323066, '221.230.164.193'),
(261, 'admin', '登陆后台管理', 1523326788, '219.154.210.53'),
(262, 'admin', '登陆后台管理', 1523328742, '221.230.231.110'),
(263, 'admin', '登陆后台管理', 1523334404, '123.151.77.70'),
(264, 'admin', '登陆后台管理', 1523344283, '218.28.104.228'),
(265, 'admin', '登陆后台管理', 1523368099, '123.151.77.70'),
(266, 'admin', '登陆后台管理', 1523399324, '171.10.64.146'),
(267, 'admin', '登陆后台管理', 1523399525, '171.10.64.146'),
(268, 'admin', '登陆后台管理', 1523404640, '123.151.77.70'),
(269, 'admin', '登陆后台管理', 1523407860, '123.151.77.70'),
(270, 'admin', '登陆后台管理', 1523412433, '123.151.77.70'),
(271, 'admin', '登陆后台管理', 1523425810, '123.151.77.70'),
(272, 'admin', '登陆后台管理', 1523439329, '123.151.77.70'),
(273, 'admin', '登陆后台管理', 1523439605, '221.230.231.110'),
(274, 'admin', '登陆后台管理', 1523450577, '49.85.103.55'),
(275, 'admin', '登陆后台管理', 1523466138, '123.151.77.70'),
(276, 'admin', '登陆后台管理', 1523486286, '123.151.77.70'),
(277, 'admin', '登陆后台管理', 1523497545, '221.230.231.110'),
(278, 'admin', '登陆后台管理', 1523504622, '123.151.77.70'),
(279, 'admin', '登陆后台管理', 1523505237, '36.157.73.243'),
(280, 'admin', '登陆后台管理', 1523507097, '113.220.68.229'),
(281, 'admin', '登陆后台管理', 1523522293, '114.233.199.99'),
(282, 'admin', '登陆后台管理', 1523522983, '218.28.104.229'),
(283, 'admin', '登陆后台管理', 1523523024, '123.151.77.70'),
(284, 'admin', '登陆后台管理', 1523525838, '123.151.77.70'),
(285, 'admin', '登陆后台管理', 1523534242, '123.151.77.70'),
(286, 'admin', '登陆后台管理', 1523535308, '123.151.77.70'),
(287, 'admin', '登陆后台管理', 1523540075, '123.151.77.70'),
(288, 'admin', '登陆后台管理', 1523574857, '123.151.77.70'),
(289, 'admin', '登陆后台管理', 1523575067, '171.10.64.146'),
(290, 'admin', '登陆后台管理', 1523575120, '123.151.77.70'),
(291, 'admin', '登陆后台管理', 1523593338, '114.233.199.99'),
(292, 'admin', '登陆后台管理', 1523508549, '114.233.199.99'),
(293, 'admin', '登陆后台管理', 1523509611, '49.90.49.93'),
(294, 'admin', '登陆后台管理', 1523509658, '49.90.49.93'),
(295, 'admin', '登陆后台管理', 1523511262, '114.233.199.99'),
(296, 'admin', '登陆后台管理', 1523585540, '114.233.199.99'),
(297, 'admin', '登陆后台管理', 1523605317, '123.151.77.70'),
(298, 'admin', '登陆后台管理', 1523625797, '36.157.65.19'),
(299, 'admin', '登陆后台管理', 1523665009, '220.170.214.54'),
(300, 'admin', '登陆后台管理', 1523689248, '220.170.214.54'),
(301, 'admin', '登陆后台管理', 1523755428, '114.233.198.43'),
(302, 'admin', '登陆后台管理', 1523758721, '220.170.214.54'),
(303, 'admin', '登陆后台管理', 1523760183, '36.157.65.243'),
(304, 'admin', '登陆后台管理', 1523771129, '49.85.101.17'),
(305, 'admin', '登陆后台管理', 1523778016, '220.170.214.54'),
(306, 'admin', '登陆后台管理', 1523778501, '49.85.101.17'),
(307, 'admin', '登陆后台管理', 1523843919, '49.85.101.17'),
(308, 'admin', '登陆后台管理', 1523844828, '36.157.76.76'),
(309, 'admin', '登陆后台管理', 1526119551, '127.0.0.1'),
(310, 'admin', '登陆后台管理', 1526224390, '127.0.0.1'),
(311, 'admin', '登陆后台管理', 1526526999, '127.0.0.1'),
(312, 'admin', '登陆后台管理', 1526538773, '127.0.0.1');

-- --------------------------------------------------------

--
-- 表的结构 `gs_transfer_log`
--

CREATE TABLE IF NOT EXISTS `gs_transfer_log` (
  `id` int(11) NOT NULL AUTO_INCREMENT,
  `userid` int(11) NOT NULL COMMENT '使用者',
  `price` int(1) NOT NULL DEFAULT '1' COMMENT '使用数量',
  `create_time` int(11) NOT NULL COMMENT '时间',
  `touserid` int(11) NOT NULL COMMENT '对谁使用',
  `type` tinyint(1) DEFAULT '1' COMMENT '1 送鸡 2送蛋',
  `realprice` int(11) DEFAULT NULL COMMENT '给对方的数量',
  `status` tinyint(1) DEFAULT '1' COMMENT 'status 1转入2转出。',
  `super` tinyint(1) DEFAULT '0' COMMENT '1 超级转账不需要走流程',
  `paystatus` tinyint(1) DEFAULT '1' COMMENT '1 等待确认付款 2 确认付款 3确认收款',
  PRIMARY KEY (`id`)
) ENGINE=InnoDB  DEFAULT CHARSET=utf8 COMMENT='资源使用记录' AUTO_INCREMENT=14 ;

--
-- 转存表中的数据 `gs_transfer_log`
--

INSERT INTO `gs_transfer_log` (`id`, `userid`, `price`, `create_time`, `touserid`, `type`, `realprice`, `status`, `super`, `paystatus`) VALUES
(1, 1, 330, 1493695898, 1360, 1, 330, 2, 1, 1),
(2, 1, 330, 1493696138, 1362, 1, 330, 2, 1, 1),
(3, 1, 330, 1493696176, 1362, 1, 330, 2, 1, 1),
(4, 1, 330, 1493696210, 1362, 1, 330, 2, 0, 1),
(5, 1, 3000, 1493788226, 1363, 1, 3000, 2, 0, 1),
(6, 1, 3000, 1493788360, 1364, 1, 3000, 2, 0, 1),
(7, 1, 2000, 1493788536, 1357, 1, 2000, 2, 0, 3),
(8, 1357, 550000, 1523243833, 1368, 1, 500000, 2, 1, 1),
(9, 1368, 55000, 1523250187, 1370, 1, 50000, 2, 1, 1),
(10, 1368, 300, 1523331301, 1376, 2, 300, 2, 1, 1),
(11, 1368, 300, 1523344138, 1376, 1, 300, 2, 1, 3),
(12, 1376, 297, 1523348646, 1368, 2, 270, 2, 1, 1),
(13, 1399, 495, 1526202611, 1398, 2, 450, 2, 1, 1);

-- --------------------------------------------------------

--
-- 表的结构 `gs_user`
--

CREATE TABLE IF NOT EXISTS `gs_user` (
  `id` int(11) NOT NULL AUTO_INCREMENT,
  `userid` int(11) DEFAULT NULL,
  PRIMARY KEY (`id`)
) ENGINE=InnoDB DEFAULT CHARSET=utf8 AUTO_INCREMENT=1 ;

-- --------------------------------------------------------

--
-- 表的结构 `gs_user_animal`
--

CREATE TABLE IF NOT EXISTS `gs_user_animal` (
  `id` int(11) NOT NULL AUTO_INCREMENT,
  `userid` int(11) NOT NULL,
  `animal_on` char(18) NOT NULL COMMENT '动物的唯一编号',
  `create_time` int(11) NOT NULL COMMENT '购买时间',
  `expired_time` int(11) NOT NULL COMMENT '过期时间',
  `hatchery` int(11) NOT NULL DEFAULT '0' COMMENT '孵卵个数',
  `used_day` int(11) NOT NULL DEFAULT '0' COMMENT '生命过几天--弃用',
  PRIMARY KEY (`id`),
  UNIQUE KEY `animal_on` (`animal_on`),
  KEY `userid` (`userid`)
) ENGINE=InnoDB DEFAULT CHARSET=utf8 COMMENT='用户拥有的动物' AUTO_INCREMENT=1 ;

-- --------------------------------------------------------

--
-- 表的结构 `gs_user_farm`
--

CREATE TABLE IF NOT EXISTS `gs_user_farm` (
  `id` int(11) NOT NULL AUTO_INCREMENT,
  `userid` int(11) NOT NULL,
  `type` int(11) NOT NULL COMMENT '1,绿地 2金地',
  `create_time` int(11) NOT NULL,
  `num` int(11) NOT NULL COMMENT '开地用到的鸡蛋数量',
  `add_num` int(11) DEFAULT '0' COMMENT '增量养鸡个数',
  `egg_rate` decimal(11,2) DEFAULT '0.00' COMMENT '今日生产蛋个数',
  `egg_allrate` decimal(11,2) DEFAULT '0.00' COMMENT '历史产蛋',
  `egg_status` tinyint(1) DEFAULT '2' COMMENT '1未收2已收',
  `task_id` int(11) DEFAULT '0',
  PRIMARY KEY (`id`)
) ENGINE=InnoDB  DEFAULT CHARSET=utf8 AUTO_INCREMENT=1595 ;

--
-- 转存表中的数据 `gs_user_farm`
--

INSERT INTO `gs_user_farm` (`id`, `userid`, `type`, `create_time`, `num`, `add_num`, `egg_rate`, `egg_allrate`, `egg_status`, `task_id`) VALUES
(1487, 1, 1, 1493308800, 300, 500, '80.00', '19.99', 1, 3),
(1489, 1, 2, 1493308800, 3000, 0, '300.00', '199.08', 1, 3),
(1490, 1, 1, 1493308800, 300, 0, '30.00', '17.25', 1, 3),
(1491, 1, 1, 1493308800, 300, 0, '30.00', '17.25', 1, 3),
(1492, 1, 1, 1493308800, 300, 81, '38.10', '17.25', 1, 3),
(1493, 1, 2, 1493308800, 3000, 0, '300.00', '172.50', 1, 3),
(1494, 1, 1, 1493308800, 300, 0, '30.00', '17.25', 1, 3),
(1495, 1, 1, 1493308800, 300, 0, '30.00', '17.25', 1, 3),
(1496, 1, 1, 1493308800, 300, 0, '30.00', '17.25', 1, 3),
(1497, 1, 1, 1493308800, 300, 0, '30.00', '17.25', 1, 3),
(1498, 1, 1, 1493395200, 300, 0, '30.00', '17.25', 1, 3),
(1499, 1, 1, 1493395200, 300, 0, '30.00', '17.25', 1, 3),
(1500, 1, 2, 1493395200, 3000, 0, '300.00', '172.50', 1, 3),
(1501, 1, 2, 1493395200, 3000, 0, '300.00', '88.50', 1, 3),
(1502, 1, 2, 1493481600, 3000, 0, '300.00', '300.37', 1, 3),
(1503, 1357, 1, 1522857600, 100, 0, '10.00', '17.20', 1, 3),
(1504, 1357, 1, 1522944000, 100, 0, '10.00', '17.20', 1, 3),
(1505, 1366, 1, 1522944000, 100, 200, '31.20', '93.60', 2, 3),
(1506, 1357, 1, 1523030400, 100, 0, '10.00', '6.80', 1, 3),
(1507, 1357, 1, 1523030400, 100, 0, '10.00', '3.35', 1, 3),
(1508, 1357, 1, 1523030400, 100, 0, '10.00', '3.45', 1, 3),
(1509, 1357, 1, 1523116800, 100, 0, '10.00', '0.00', 1, 3),
(1510, 1357, 1, 1523116800, 100, 0, '10.00', '0.00', 1, 3),
(1511, 1357, 2, 1523116800, 1000, 0, '100.00', '34.50', 1, 3),
(1512, 1357, 1, 1523116800, 100, 0, '10.00', '5.52', 1, 3),
(1513, 1368, 1, 1523203200, 300, 0, '30.00', '92.10', 1, 3),
(1514, 1368, 1, 1523203200, 300, 0, '30.00', '107.07', 1, 3),
(1515, 1357, 2, 1523203200, 3000, 0, '300.00', '103.50', 1, 3),
(1516, 1370, 1, 1523203200, 300, 0, '30.00', '113.28', 1, 3),
(1517, 1370, 1, 1523203200, 300, 0, '30.00', '134.22', 1, 3),
(1518, 1370, 1, 1523203200, 300, 0, '30.00', '98.23', 1, 3),
(1519, 1370, 1, 1523203200, 300, 0, '30.00', '97.71', 1, 3),
(1520, 1370, 2, 1523203200, 3000, 7585, '1058.50', '327.43', 1, 3),
(1521, 1371, 1, 1523203200, 300, 73, '38.79', '73.43', 1, 3),
(1522, 1368, 1, 1523203200, 300, 0, '30.00', '99.60', 1, 3),
(1523, 1368, 1, 1523203200, 300, 2000, '230.00', '73.60', 1, 3),
(1524, 1368, 1, 1523203200, 300, 2700, '300.00', '186.00', 1, 3),
(1525, 1368, 1, 1523203200, 300, 2700, '300.00', '96.00', 1, 3),
(1526, 1368, 1, 1523203200, 300, 2700, '300.00', '90.00', 1, 3),
(1527, 1368, 1, 1523203200, 300, 2019, '231.90', '69.57', 1, 3),
(1528, 1368, 1, 1523203200, 300, 2400, '270.00', '167.40', 1, 3),
(1529, 1368, 1, 1523203200, 300, 2700, '300.00', '0.00', 1, 3),
(1530, 1368, 2, 1523203200, 3000, 27000, '3000.00', '900.00', 1, 3),
(1531, 1368, 2, 1523203200, 3000, 27000, '3000.00', '900.00', 1, 3),
(1532, 1368, 2, 1523203200, 3000, 27000, '3000.00', '0.00', 1, 3),
(1533, 1368, 2, 1523203200, 3000, 27000, '3000.00', '960.00', 1, 3),
(1534, 1368, 2, 1523203200, 3000, 27000, '3000.00', '900.00', 1, 3),
(1535, 1357, 1, 1523203200, 300, 0, '30.00', '0.00', 1, 3),
(1536, 1370, 2, 1523203200, 3000, 3812, '681.20', '1464.00', 1, 3),
(1537, 1370, 2, 1523203200, 3000, 6200, '920.00', '0.00', 1, 3),
(1538, 1370, 2, 1523203200, 3000, 5769, '876.90', '88.50', 1, 3),
(1539, 1370, 2, 1523203200, 3000, 5000, '800.00', '88.50', 1, 3),
(1540, 1370, 1, 1523203200, 300, 0, '30.00', '28.05', 1, 3),
(1541, 1370, 1, 1523203200, 300, 0, '30.00', '18.60', 1, 3),
(1542, 1370, 1, 1523203200, 300, 0, '30.00', '0.00', 1, 3),
(1543, 1370, 1, 1523203200, 300, 0, '30.00', '0.00', 1, 3),
(1544, 1370, 1, 1523203200, 300, 0, '30.00', '0.00', 1, 3),
(1545, 1370, 1, 1523203200, 300, 0, '30.00', '0.00', 1, 3),
(1546, 1373, 1, 1523203200, 300, 8, '32.03', '8.70', 1, 3),
(1547, 1374, 1, 1523289600, 300, 18, '33.07', '18.25', 1, 3),
(1548, 1369, 1, 1523289600, 300, 0, '31.20', '0.00', 1, 3),
(1549, 1375, 1, 1523289600, 300, 74, '38.90', '74.06', 1, 3),
(1550, 1376, 1, 1523289600, 300, 46, '35.98', '39.45', 1, 3),
(1551, 1372, 1, 1523289600, 300, 9, '32.14', '27.90', 1, 3),
(1552, 1377, 1, 1523289600, 300, 62, '37.65', '62.85', 1, 3),
(1553, 1378, 1, 1523289600, 300, 18, '33.07', '18.88', 1, 3),
(1554, 1380, 1, 1523289600, 300, 847, '119.29', '62.90', 1, 3),
(1555, 1381, 1, 1523289600, 300, 137, '45.45', '112.76', 1, 3),
(1556, 1382, 1, 1523289600, 300, 100, '41.60', '90.02', 1, 3),
(1557, 1383, 1, 1523289600, 300, 76, '39.10', '44.14', 1, 3),
(1558, 1384, 1, 1523289600, 300, 62, '37.65', '52.99', 1, 3),
(1559, 1385, 1, 1523289600, 300, 0, '31.20', '61.64', 1, 3),
(1560, 1386, 1, 1523289600, 300, 74, '38.90', '54.76', 1, 3),
(1561, 1387, 1, 1523376000, 300, 62, '37.65', '62.85', 1, 3),
(1562, 1389, 1, 1523376000, 300, 52, '36.61', '42.79', 1, 3),
(1563, 1388, 1, 1523462400, 300, 18, '33.07', '18.88', 1, 3),
(1564, 1379, 1, 1523462400, 300, 41, '35.46', '41.44', 1, 3),
(1565, 1367, 1, 1523462400, 300, 0, '31.20', '71.70', 2, 3),
(1566, 1391, 1, 1523462400, 300, 0, '32.55', '32.55', 1, 3),
(1567, 1391, 1, 1523462400, 300, 0, '32.55', '32.55', 1, 3),
(1568, 1391, 2, 1523462400, 3000, 24000, '2929.50', '2929.50', 1, 3),
(1569, 1391, 2, 1523462400, 3000, 0, '325.50', '2495.50', 1, 3),
(1570, 1391, 2, 1523462400, 3000, 2000, '542.50', '542.50', 1, 3),
(1571, 1391, 2, 1523462400, 3000, 0, '325.50', '325.50', 1, 3),
(1572, 1391, 2, 1523462400, 3000, 14159, '1861.75', '1031.73', 1, 3),
(1573, 1391, 1, 1523462400, 300, 0, '32.55', '32.55', 1, 3),
(1574, 1391, 1, 1523462400, 300, 0, '32.55', '32.55', 1, 3),
(1575, 1391, 1, 1523462400, 300, 0, '32.55', '32.55', 1, 3),
(1576, 1391, 1, 1523462400, 300, 0, '32.55', '32.55', 1, 3),
(1577, 1391, 1, 1523462400, 300, 0, '32.55', '32.55', 1, 3),
(1578, 1391, 1, 1523462400, 300, 0, '32.55', '32.55', 1, 3),
(1579, 1391, 1, 1523462400, 300, 0, '32.55', '32.55', 1, 3),
(1580, 1391, 1, 1523462400, 300, 0, '32.55', '32.55', 1, 3),
(1581, 1393, 1, 1523548800, 300, 0, '31.20', '0.00', 1, 3),
(1582, 1394, 1, 1523548800, 300, 0, '31.20', '0.00', 1, 3),
(1583, 1396, 1, 1523548800, 300, 0, '31.20', '0.00', 1, 3),
(1584, 1395, 1, 1523548800, 300, 0, '31.20', '0.00', 1, 3),
(1585, 1397, 1, 1523548800, 300, 0, '31.20', '0.00', 1, 3),
(1586, 1398, 1, 1523808000, 300, 0, '31.50', '250.50', 2, 3),
(1587, 1362, 1, 1523808000, 300, 0, '0.00', '0.00', 2, 0),
(1588, 1398, 1, 1526140800, 300, 0, '1515.00', '9090.00', 2, 0),
(1589, 1399, 1, 1526140800, 300, 0, '0.00', '0.00', 2, 0),
(1590, 1399, 1, 1526140800, 300, 0, '0.00', '0.00', 2, 0),
(1591, 1399, 1, 1526140800, 300, 0, '0.00', '0.00', 2, 0),
(1592, 1402, 1, 1526486400, 300, 0, '0.00', '0.00', 2, 0),
(1593, 1402, 1, 1526486400, 300, 0, '0.00', '0.00', 2, 0),
(1594, 1402, 1, 1526486400, 300, 0, '0.00', '0.00', 2, 0);

-- --------------------------------------------------------

--
-- 表的结构 `gs_user_finance`
--

CREATE TABLE IF NOT EXISTS `gs_user_finance` (
  `id` int(11) NOT NULL AUTO_INCREMENT,
  `userid` int(11) DEFAULT NULL,
  `desc` varchar(125) DEFAULT NULL COMMENT '购买描述',
  `create_time` int(11) DEFAULT NULL,
  `type` int(1) DEFAULT NULL COMMENT '类型:1购买牲畜,2购买饲料,3购买激活码',
  `number` float(11,2) DEFAULT NULL COMMENT '金额/用富贵蛋的个数',
  `counts` int(11) DEFAULT '1' COMMENT '个数',
  PRIMARY KEY (`id`)
) ENGINE=InnoDB  DEFAULT CHARSET=utf8 AUTO_INCREMENT=33121 ;

--
-- 转存表中的数据 `gs_user_finance`
--

INSERT INTO `gs_user_finance` (`id`, `userid`, `desc`, `create_time`, `type`, `number`, `counts`) VALUES
(32234, 1, '孵化机孵化蛋花费100个', 1493362624, 10, 100.00, 1),
(32235, 1, '开绿池花费动物300只', 1493362632, 4, 300.00, 1),
(32236, 1, '孵化机孵化蛋花费100个', 1493363807, 10, 100.00, 1),
(32237, 1, '孵化蛋蛋100个', 1493363834, 5, 100.00, 1),
(32238, 1, '孵化机孵化蛋花费100个', 1493363858, 10, 100.00, 1),
(32239, 1, '孵化蛋蛋600个', 1493363971, 5, 600.00, 1),
(32240, 1, '激活用户888888扣除动物330只', 1493364072, 13, 330.00, 1),
(32241, 1357, '开绿池花费动物300只', 1493364208, 4, 300.00, 1),
(32242, 1, '增养动物5个', 1493364904, 6, 5.00, 1),
(32243, 1, '开金池花费动物3000只', 1493364926, 4, 3000.00, 1),
(32244, 1, '打扫朋友888888收获蛋0个', 1493365406, 16, 0.00, 1),
(32245, 1, '抽奖花费动物数量5个', 1493366114, 18, 5.00, 1),
(32246, 1, '抽奖赠送动物数量2个', 1493366114, 18, 2.00, 1),
(32247, 1, '升级狗恭喜你!升级狗成功！ 花费数量600', 1493368748, 9, 600.00, 1),
(32248, 1, '开绿池花费动物300只', 1493375516, 4, 300.00, 1),
(32249, 1, '开绿池花费动物300只', 1493375520, 4, 300.00, 1),
(32250, 1, '开绿池花费动物300只', 1493375526, 4, 300.00, 1),
(32251, 1, '开金池花费动物3000只', 1493375796, 4, 3000.00, 1),
(32252, 1, '开绿池花费动物300只', 1493375802, 4, 300.00, 1),
(32253, 1, '开绿池花费动物300只', 1493375808, 4, 300.00, 1),
(32254, 1, '开绿池花费动物300只', 1493375811, 4, 300.00, 1),
(32255, 1, '开绿池花费动物300只', 1493375816, 4, 300.00, 1),
(32256, 1, '孵化机孵化蛋花费100个', 1493400396, 10, 100.00, 1),
(32257, 1, '开绿池花费动物300只', 1493431495, 4, 300.00, 1),
(32258, 1, '开绿池花费动物300只', 1493431521, 4, 300.00, 1),
(32259, 1, '收取小天鹅705个', 1493431647, 7, 705.00, 1),
(32260, 1, '抽奖花费动物数量5个', 1493431717, 18, 5.00, 1),
(32261, 1, '抽奖赠送动物数量2个', 1493431717, 18, 2.00, 1),
(32262, 1, '抽奖花费动物数量5个', 1493431729, 18, 5.00, 1),
(32263, 1, '抽奖赠送动物数量2个', 1493431729, 18, 2.00, 1),
(32264, 1, '抽奖花费动物数量5个', 1493431742, 18, 5.00, 1),
(32265, 1, '抽奖赠送动物数量8个', 1493431743, 18, 8.00, 1),
(32266, 1, '开金池花费动物3000只', 1493441642, 4, 3000.00, 1),
(32267, 1, '收取蛋蛋8.40个', 1493449759, 8, 8.40, 1),
(32268, 1, '开金池花费动物3000只', 1493449774, 4, 3000.00, 1),
(32269, 1, '孵化机取出鹅', 1493449788, 11, 39.00, 1),
(32270, 1, '打扫朋友888888收获蛋0个', 1493449811, 16, 0.00, 1),
(32271, 1, '收取蛋蛋8.40个', 1493452125, 8, 8.40, 1),
(32272, 1, '收取蛋蛋8.40个', 1493452147, 8, 8.40, 1),
(32273, 1, '收取蛋蛋84.00个', 1493465440, 8, 84.00, 1),
(32274, 1, '收取蛋蛋84.00个', 1493465443, 8, 84.00, 1),
(32275, 1, '孵化蛋蛋93个', 1493465516, 5, 93.00, 1),
(32276, 1, '收取蛋蛋8.40个', 1493465518, 8, 8.40, 1),
(32277, 1, '抽奖花费动物数量5个', 1493465840, 18, 5.00, 1),
(32278, 1, '抽奖赠送动物数量8个', 1493465840, 18, 8.00, 1),
(32279, 1, '收取蛋蛋8.40个', 1493475141, 8, 8.40, 1),
(32280, 1, '收取蛋蛋8.40个', 1493489774, 8, 8.40, 1),
(32281, 1, '收取蛋蛋8.40个', 1493489787, 8, 8.40, 1),
(32282, 1, '收取蛋蛋8.40个', 1493489789, 8, 8.40, 1),
(32283, 1, '收取蛋蛋8.40个', 1493489792, 8, 8.40, 1),
(32284, 1, '收取蛋蛋8.40个', 1493489799, 8, 8.40, 1),
(32285, 1, '收取蛋蛋84.00个', 1493489803, 8, 84.00, 1),
(32286, 1, '孵化蛋蛋3143个', 1493489823, 5, 3143.00, 1),
(32287, 1, '升级狗倒霉了,升级狗失败了 -.-花费数量700', 1493489909, 9, 700.00, 1),
(32288, 1, '升级狗倒霉了,升级狗失败了 -.-花费数量700', 1493489912, 9, 700.00, 1),
(32289, 1, '升级狗倒霉了,升级狗失败了 -.-花费数量700', 1493489914, 9, 700.00, 1),
(32290, 1, '升级狗恭喜你!升级狗成功！ 花费数量700', 1493489914, 9, 700.00, 1),
(32291, 1, '孵化机取出鹅蛋', 1493489931, 11, 1400.00, 1),
(32292, 1, '一键打扫花费动物数量100', 1493489940, 10, 100.00, 1),
(32293, 1, '一键打扫花费动物数量100', 1493489944, 10, 100.00, 1),
(32294, 1, '一键打扫花费动物数量100', 1493489949, 10, 100.00, 1),
(32295, 1, '一键打扫花费动物数量100', 1493489953, 10, 100.00, 1),
(32296, 1, '打扫所有朋友收获蛋0.63个', 1493489976, 16, 0.63, 1),
(32297, 1, '孵化机孵化蛋花费100个', 1493509250, 10, 100.00, 1),
(32298, 1, '开金池花费动物3000只', 1493509267, 4, 3000.00, 1),
(32299, 1, '增养动物7188个', 1493509283, 6, 7188.00, 1),
(32300, 1, '收取小天鹅7188个', 1493510466, 7, 7188.00, 1),
(32301, 1, '抽奖花费动物数量5个', 1493519034, 18, 5.00, 1),
(32302, 1, '抽奖赠送动物数量2个', 1493519034, 18, 2.00, 1),
(32303, 1, '抽奖花费动物数量5个', 1493519157, 18, 5.00, 1),
(32304, 1, '抽奖赠送动物数量2个', 1493519157, 18, 2.00, 1),
(32305, 1, '增养动物7182个', 1493522247, 6, 7182.00, 1),
(32306, 1, '孵化蛋蛋901个', 1493522273, 5, 901.00, 1),
(32307, 1, '收取小天鹅3143个', 1493526049, 7, 3143.00, 1),
(32308, 1, '收取小天鹅93个', 1493567509, 7, 93.00, 1),
(32309, 1, '收取蛋蛋11.59个', 1493567514, 8, 11.59, 1),
(32310, 1, '收取蛋蛋8.85个', 1493567525, 8, 8.85, 1),
(32311, 1, '打扫所有朋友收获蛋0.66个', 1493567566, 16, 0.66, 1),
(32312, 1, '孵化蛋蛋21个', 1493567619, 5, 21.00, 1),
(32313, 1, '抽奖花费动物数量5个', 1493572523, 18, 5.00, 1),
(32314, 1, '抽奖赠送动物数量2个', 1493572523, 18, 2.00, 1),
(32315, 1, '收取蛋蛋8.85个', 1493578525, 8, 8.85, 1),
(32316, 1, '收取蛋蛋8.85个', 1493578529, 8, 8.85, 1),
(32317, 1, '收取蛋蛋8.85个', 1493578545, 8, 8.85, 1),
(32318, 1, '收取蛋蛋115.08个', 1493578571, 8, 115.08, 1),
(32319, 1, '孵化机取出鹅蛋', 1493579431, 11, 500.00, 1),
(32320, 1, '抽奖花费动物数量5个', 1493581009, 18, 5.00, 1),
(32321, 1, '抽奖赠送动物数量2个', 1493581009, 18, 2.00, 1),
(32322, 1, '收取蛋蛋8.85个', 1493581037, 8, 8.85, 1),
(32323, 1, '孵化蛋蛋250个', 1493581047, 5, 250.00, 1),
(32324, 1, '抽奖花费动物数量5个', 1493597014, 18, 5.00, 1),
(32325, 1, '抽奖赠送动物数量2个', 1493597014, 18, 2.00, 1),
(32326, 1, '收取蛋蛋8.85个', 1493605136, 8, 8.85, 1),
(32327, 1, '孵化蛋蛋9个', 1493605276, 5, 9.00, 1),
(32328, 1, '收取蛋蛋8.85个', 1493605320, 8, 8.85, 1),
(32329, 1, '收取蛋蛋8.85个', 1493605323, 8, 8.85, 1),
(32330, 1, '收取蛋蛋88.50个', 1493605325, 8, 88.50, 1),
(32331, 1, '收取蛋蛋8.85个', 1493605328, 8, 8.85, 1),
(32332, 1, '收取蛋蛋88.50个', 1493605330, 8, 88.50, 1),
(32333, 1, '收取蛋蛋300.37个', 1493605332, 8, 300.37, 1),
(32334, 1, '收取蛋蛋88.50个', 1493605337, 8, 88.50, 1),
(32335, 1, '增养动物32个', 1493606336, 6, 32.00, 1),
(32336, 1, '孵化蛋蛋593个', 1493606394, 5, 593.00, 1),
(32337, 1, '孵化机取出鹅', 1493606429, 11, 14.00, 1),
(32338, 1, '增养动物3209个', 1493610424, 6, 3209.00, 1),
(32339, 1, '收取小天鹅7182个', 1493610460, 7, 7182.00, 1),
(32340, 1, '收取小天鹅9个', 1493610470, 7, 9.00, 1),
(32341, 1, '收取小天鹅250个', 1493645491, 7, 250.00, 1),
(32342, 1, '孵化机取出鹅蛋', 1493666723, 11, 400.00, 1),
(32343, 1, '孵化蛋蛋100个', 1493666749, 5, 100.00, 1),
(32344, 1, '抽奖花费动物数量5个', 1493666900, 18, 5.00, 1),
(32345, 1, '抽奖赠送动物数量2个', 1493666900, 18, 2.00, 1),
(32346, 1, '抽奖花费动物数量5个', 1493683294, 18, 5.00, 1),
(32347, 1, '抽奖赠送动物数量2个', 1493683294, 18, 2.00, 1),
(32348, 1, '转账给账号:212312花费动物数量330', 1493695898, 14, 330.00, 1),
(32349, 1360, '账号:888888转账给我动物数量330', 1493695898, 14, 330.00, 1),
(32350, 1, '激活用户888888扣除动物330只', 1493696104, 13, 330.00, 1),
(32351, 1, '转账给账号:13852000001花费动物数量330', 1493696138, 14, 330.00, 1),
(32352, 1362, '账号:888888转账给我动物数量330', 1493696138, 14, 330.00, 1),
(32353, 1, '转账给账号:13852000001花费动物数量330', 1493696176, 14, 330.00, 1),
(32354, 1362, '账号:888888转账给我动物数量330', 1493696176, 14, 330.00, 1),
(32355, 1, '转账给账号:13852000001花费动物数量330', 1493696210, 14, 330.00, 1),
(32356, 1, '收取小天鹅4856个', 1493699495, 7, 4856.00, 1),
(32357, 1, '抽奖花费动物数量5个', 1493702219, 18, 5.00, 1),
(32358, 1, '抽奖赠送动物数量8个', 1493702219, 18, 8.00, 1),
(32359, 1, '孵化机取出鹅蛋', 1493704279, 11, 300.00, 1),
(32360, 1, '孵化机孵化蛋花费100个', 1493704383, 10, 100.00, 1),
(32361, 1, '孵化机取出鹅蛋', 1493704427, 11, 300.00, 1),
(32362, 1, '孵化机取出鹅蛋', 1493704433, 11, 200.00, 1),
(32363, 1, '孵化蛋蛋200个', 1493704448, 5, 200.00, 1),
(32364, 1, '收取小天鹅200个', 1493704494, 7, 200.00, 1),
(32365, 1, '孵化机取出鹅蛋', 1493704528, 11, 100.00, 1),
(32366, 1, '孵化机孵化蛋花费100个', 1493706389, 10, 100.00, 1),
(32367, 1, '打扫所有朋友收获蛋0个', 1493727506, 16, 0.00, 1),
(32368, 1, '升级狗倒霉了,升级狗失败了 -.-花费数量800', 1493732551, 9, 800.00, 1),
(32369, 1, '升级狗倒霉了,升级狗失败了 -.-花费数量800', 1493732553, 9, 800.00, 1),
(32370, 1, '激活用户888888扣除动物330只', 1493788198, 13, 330.00, 1),
(32371, 1, '转账给账号:15233333333花费动物数量3000', 1493788226, 14, 3000.00, 1),
(32372, 1, '激活用户888888扣除动物330只', 1493788343, 13, 330.00, 1),
(32373, 1, '转账给账号:13999999999花费动物数量3000', 1493788360, 14, 3000.00, 1),
(32374, 1357, '收取蛋蛋6.60个', 1493788420, 8, 6.60, 1),
(32375, 1357, '孵化蛋蛋6个', 1493788444, 5, 6.00, 1),
(32376, 1357, '收取小天鹅6个', 1493788457, 7, 6.00, 1),
(32377, 1, '转账给账号:15299999999花费动物数量2000', 1493788536, 14, 2000.00, 1),
(32378, 1, '抽奖花费动物数量5个', 1493797385, 18, 5.00, 1),
(32379, 1, '抽奖赠送动物数量2个', 1493797385, 18, 2.00, 1),
(32380, 1, '增养动物581个', 1522747963, 6, 581.00, 1),
(32381, 1, '收取小熊猫581个', 1522804453, 7, 581.00, 1),
(32382, 1, '增养动物500个', 1522807082, 6, 500.00, 1),
(32383, 1, '收取小熊猫500个', 1522807094, 7, 500.00, 1),
(32384, 1, '增养动物581个', 1522807127, 6, 581.00, 1),
(32385, 1, '收取秧苗581个', 1522817195, 7, 581.00, 1),
(32386, 1, '增种动物581个', 1522817241, 6, 581.00, 1),
(32387, 1, '收取秧苗581个', 1522822175, 7, 581.00, 1),
(32388, 1, '增种动物500个', 1522825706, 6, 500.00, 1),
(32389, 1, '增种动物81个', 1522825723, 6, 81.00, 1),
(32390, 1357, '确认收款增加动物数量:2000', 1522832628, 15, 2000.00, 1),
(32391, 1357, '抽奖花费动物数量10个', 1522910627, 18, 10.00, 1),
(32392, 1357, '抽奖赠送动物数量2个', 1522910627, 18, 2.00, 1),
(32393, 1357, '开绿池花费动物100只', 1522910680, 4, 100.00, 1),
(32394, 1357, '开绿池花费动物100只', 1522984147, 4, 100.00, 1),
(32395, 1357, '增种动物1798个', 1522984158, 6, 1798.00, 1),
(32396, 1357, '收取秧苗1798个', 1522984176, 7, 1798.00, 1),
(32397, 1357, '增种动物1798个', 1522984207, 6, 1798.00, 1),
(32398, 1357, '收取秧苗1798个', 1522984865, 7, 1798.00, 1),
(32399, 1357, '一键打扫花费动物数量100', 1522987018, 10, 100.00, 1),
(32400, 1357, '打扫所有朋友收获苗0个', 1522987022, 16, 0.00, 1),
(32401, 1357, '增种动物1698个', 1522987045, 6, 1698.00, 1),
(32402, 1357, '增种水稻苗1000个', 1522987130, 5, 1000.00, 1),
(32403, 1357, '收取秧苗2698个', 1522987139, 7, 2698.00, 1),
(32404, 1357, '激活用户15299999999扣除动物125只', 1522988881, 13, 125.00, 1),
(32405, 1366, '开绿池花费动物100只', 1522989425, 4, 100.00, 1),
(32406, 1366, '增种动物200个', 1522989452, 6, 200.00, 1),
(32407, 1366, '收取秧苗200个', 1522989470, 7, 200.00, 1),
(32408, 1366, '增种动物200个', 1522989519, 6, 200.00, 1),
(32409, 1366, '收取秧苗200个', 1522989566, 7, 200.00, 1),
(32410, 1366, '增种动物200个', 1522990965, 6, 200.00, 1),
(32411, 1366, '收取水稻苗31.20个', 1522991390, 8, 31.20, 1),
(32412, 1366, '收取水稻苗31.20个', 1523077958, 8, 31.20, 1),
(32413, 1357, '打扫所有朋友收获苗3.12个', 1523078012, 16, 3.12, 1),
(32414, 1357, '抽奖花费动物数量10个', 1523084029, 18, 10.00, 1),
(32415, 1357, '抽奖赠送动物数量2个', 1523084029, 18, 2.00, 1),
(32416, 1357, '开绿池花费动物100只', 1523084065, 4, 100.00, 1),
(32417, 1357, '增种水稻苗3个', 1523084086, 5, 3.00, 1),
(32418, 1357, '增种动物2465个', 1523084112, 6, 2465.00, 1),
(32419, 1357, '收取水稻苗10.40个', 1523084117, 8, 10.40, 1),
(32420, 1357, '收取水稻苗10.40个', 1523089147, 8, 10.40, 1),
(32421, 1357, '收取秧苗3个', 1523089165, 7, 3.00, 1),
(32422, 1357, '增种动物1个', 1523089198, 6, 1.00, 1),
(32423, 1357, '增种水稻苗20个', 1523089227, 5, 20.00, 1),
(32424, 1357, '收取水稻苗31.20个', 1523093256, 8, 31.20, 1),
(32425, 1357, '增种水稻苗1111个', 1523093700, 5, 1111.00, 1),
(32426, 1357, '收取秧苗1132个', 1523094248, 7, 1132.00, 1),
(32427, 1357, '开绿池花费动物100只', 1523094292, 4, 100.00, 1),
(32428, 1357, '开绿池花费动物100只', 1523094301, 4, 100.00, 1),
(32429, 1357, '增种水稻苗21个', 1523094359, 5, 21.00, 1),
(32430, 1357, '增种动物1个', 1523094395, 6, 1.00, 1),
(32431, 1357, '增种动物90个', 1523094404, 6, 90.00, 1),
(32432, 1357, '增种动物800个', 1523094414, 6, 800.00, 1),
(32433, 1357, '增种动物41个', 1523094426, 6, 41.00, 1),
(32434, 1357, '收取秧苗931个', 1523094567, 7, 931.00, 1),
(32435, 1357, '增种动物931个', 1523094640, 6, 931.00, 1),
(32436, 1357, '收取秧苗952个', 1523094670, 7, 952.00, 1),
(32437, 1357, '收取秧苗2466个', 1523094678, 7, 2466.00, 1),
(32438, 1357, '增种动物2900个', 1523094786, 6, 2900.00, 1),
(32439, 1357, '增种动物518个', 1523094791, 6, 518.00, 1),
(32440, 1357, '收取秧苗518个', 1523094930, 7, 518.00, 1),
(32441, 1357, '抽奖花费动物数量10个', 1523095030, 18, 10.00, 1),
(32442, 1357, '抽奖赠送动物数量2个', 1523095030, 18, 2.00, 1),
(32443, 1357, '抽奖花费动物数量10个', 1523095043, 18, 10.00, 1),
(32444, 1357, '抽奖赠送动物数量2个', 1523095043, 18, 2.00, 1),
(32445, 1357, '抽奖花费动物数量10个', 1523095056, 18, 10.00, 1),
(32446, 1357, '抽奖赠送动物数量8个', 1523095056, 18, 8.00, 1),
(32447, 1357, '抽奖花费动物数量10个', 1523095067, 18, 10.00, 1),
(32448, 1357, '抽奖赠送动物数量2个', 1523095067, 18, 2.00, 1),
(32449, 1357, '抽奖花费动物数量10个', 1523095077, 18, 10.00, 1),
(32450, 1357, '抽奖赠送动物数量8个', 1523095077, 18, 8.00, 1),
(32451, 1357, '抽奖花费动物数量10个', 1523095087, 18, 10.00, 1),
(32452, 1357, '抽奖赠送动物数量8个', 1523095087, 18, 8.00, 1),
(32453, 1357, '抽奖花费动物数量10个', 1523095096, 18, 10.00, 1),
(32454, 1357, '抽奖赠送动物数量2个', 1523095096, 18, 2.00, 1),
(32455, 1357, '抽奖花费动物数量10个', 1523095106, 18, 10.00, 1),
(32456, 1357, '抽奖赠送动物数量2个', 1523095106, 18, 2.00, 1),
(32457, 1357, '增种动物472个', 1523106021, 6, 472.00, 1),
(32458, 1357, '收取秧苗472个', 1523130058, 7, 472.00, 1),
(32459, 1357, '收取秧苗2900个', 1523130065, 7, 2900.00, 1),
(32460, 1357, '开绿池花费动物100只', 1523130082, 4, 100.00, 1),
(32461, 1357, '开绿池花费动物100只', 1523130090, 4, 100.00, 1),
(32462, 1357, '开金池花费动物1000只', 1523130095, 4, 1000.00, 1),
(32463, 1357, '开绿池花费动物100只', 1523130101, 4, 100.00, 1),
(32464, 1357, '升级稻草人恭喜你!升级稻草人成功！ 花费数量100', 1523130137, 9, 100.00, 1),
(32465, 1357, '升级稻草人恭喜你!升级稻草人成功！ 花费数量200', 1523130154, 9, 200.00, 1),
(32466, 1357, '升级稻草人恭喜你!升级稻草人成功！ 花费数量300', 1523130164, 9, 300.00, 1),
(32467, 1357, '升级稻草人恭喜你!升级稻草人成功！ 花费数量400', 1523130173, 9, 400.00, 1),
(32468, 1357, '升级稻草人倒霉了,升级稻草人失败了 -.-花费数量500', 1523130177, 9, 500.00, 1),
(32469, 1357, '升级稻草人恭喜你!升级稻草人成功！ 花费数量500', 1523130181, 9, 500.00, 1),
(32470, 1357, '抽奖花费动物数量10个', 1523130243, 18, 10.00, 1),
(32471, 1357, '抽奖赠送动物数量8个', 1523130243, 18, 8.00, 1),
(32472, 1357, '增种动物70个', 1523142016, 6, 70.00, 1),
(32473, 1357, '收取秧苗70个', 1523161310, 7, 70.00, 1),
(32474, 1357, '抽奖花费动物数量10个', 1523168925, 18, 10.00, 1),
(32475, 1357, '抽奖赠送动物数量8个', 1523168925, 18, 8.00, 1),
(32476, 1357, '增种动物68个', 1523182458, 6, 68.00, 1),
(32477, 1357, '收取秧苗68个', 1523182544, 7, 68.00, 1),
(32478, 1357, '抽奖花费动物数量10个', 1523182594, 18, 10.00, 1),
(32479, 1357, '抽奖赠送动物数量2个', 1523182594, 18, 2.00, 1),
(32480, 1357, '增种动物60个', 1523182628, 6, 60.00, 1),
(32481, 1357, '激活用户15299999999扣除动物300只', 1523242301, 13, 300.00, 1),
(32482, 1357, '激活用户15299999999扣除动物300只', 1523243062, 13, 300.00, 1),
(32483, 1368, '开绿池花费动物300只', 1523243606, 4, 300.00, 1),
(32484, 1357, '激活用户15299999999扣除动物300只', 1523243674, 13, 300.00, 1),
(32485, 1357, '转账给账号:18137492292花费动物数量550000', 1523243833, 14, 550000.00, 1),
(32486, 1368, '账号:15299999999转账给我动物数量500000', 1523243833, 14, 500000.00, 1),
(32487, 1368, '开绿池花费动物300只', 1523243874, 4, 300.00, 1),
(32488, 1357, '开金池花费动物3000只', 1523244589, 4, 3000.00, 1),
(32489, 1357, '收取稻米3.45个', 1523247582, 8, 3.45, 1),
(32490, 1357, '收取稻米34.50个', 1523247600, 8, 34.50, 1),
(32491, 1357, '收取稻米5.52个', 1523247602, 8, 5.52, 1),
(32492, 1357, '收取稻米3.45个', 1523249102, 8, 3.45, 1),
(32493, 1357, '收取稻米3.45个', 1523249108, 8, 3.45, 1),
(32494, 1368, '收取稻米9.60个', 1523249155, 8, 9.60, 1),
(32495, 1368, '收取稻米9.60个', 1523249161, 8, 9.60, 1),
(32496, 1368, '激活用户18137492292扣除动物300只', 1523250004, 13, 300.00, 1),
(32497, 1368, '转账给账号:13685011584花费动物数量55000', 1523250187, 14, 55000.00, 1),
(32498, 1370, '账号:18137492292转账给我动物数量50000', 1523250187, 14, 50000.00, 1),
(32499, 1370, '开绿池花费动物300只', 1523250738, 4, 300.00, 1),
(32500, 1370, '开绿池花费动物300只', 1523250744, 4, 300.00, 1),
(32501, 1370, '增种动物2700个', 1523250853, 6, 2700.00, 1),
(32502, 1370, '增种动物2700个', 1523250905, 6, 2700.00, 1),
(32503, 1370, '开绿池花费动物300只', 1523250913, 4, 300.00, 1),
(32504, 1370, '增种动物2700个', 1523250938, 6, 2700.00, 1),
(32505, 1370, '开绿池花费动物300只', 1523250955, 4, 300.00, 1),
(32506, 1370, '增种动物2700个', 1523250983, 6, 2700.00, 1),
(32507, 1370, '开金池花费动物3000只', 1523251011, 4, 3000.00, 1),
(32508, 1370, '增种动物10000个', 1523251105, 6, 10000.00, 1),
(32509, 1370, '增种动物10000个', 1523251122, 6, 10000.00, 1),
(32510, 1370, '激活用户13685011584扣除动物300只', 1523252094, 13, 300.00, 1),
(32511, 1371, '开绿池花费动物300只', 1523252537, 4, 300.00, 1),
(32512, 1368, '开绿池花费动物300只', 1523255106, 4, 300.00, 1),
(32513, 1368, '开绿池花费动物300只', 1523255113, 4, 300.00, 1),
(32514, 1368, '开绿池花费动物300只', 1523255116, 4, 300.00, 1),
(32515, 1368, '开绿池花费动物300只', 1523255120, 4, 300.00, 1),
(32516, 1368, '开绿池花费动物300只', 1523255125, 4, 300.00, 1),
(32517, 1368, '开绿池花费动物300只', 1523255130, 4, 300.00, 1),
(32518, 1368, '开绿池花费动物300只', 1523255134, 4, 300.00, 1),
(32519, 1368, '开绿池花费动物300只', 1523255138, 4, 300.00, 1),
(32520, 1368, '开金池花费动物3000只', 1523255143, 4, 3000.00, 1),
(32521, 1368, '开金池花费动物3000只', 1523255150, 4, 3000.00, 1),
(32522, 1368, '开金池花费动物3000只', 1523255155, 4, 3000.00, 1),
(32523, 1368, '开金池花费动物3000只', 1523255159, 4, 3000.00, 1),
(32524, 1368, '开金池花费动物3000只', 1523255164, 4, 3000.00, 1),
(32525, 1368, '打扫朋友18137492292收获苗0个', 1523255173, 16, 0.00, 1),
(32526, 1368, '升级稻草人倒霉了,升级稻草人失败了 -.-花费数量100', 1523255186, 9, 100.00, 1),
(32527, 1368, '升级稻草人恭喜你!升级稻草人成功！ 花费数量100', 1523255187, 9, 100.00, 1),
(32528, 1357, '增种稻米101个', 1523266292, 5, 101.00, 1),
(32529, 1357, '增种稻米999个', 1523266300, 5, 999.00, 1),
(32530, 1357, '增种稻米995个', 1523266313, 5, 995.00, 1),
(32531, 1357, '增种动物1101个', 1523266323, 6, 1101.00, 1),
(32532, 1357, '增种动物11010个', 1523266332, 6, 11010.00, 1),
(32533, 1357, '增种动物1100个', 1523266362, 6, 1100.00, 1),
(32534, 1357, '增种动物1100个', 1523266373, 6, 1100.00, 1),
(32535, 1357, '增种动物3000个', 1523266386, 6, 3000.00, 1),
(32536, 1357, '增种动物300个', 1523266421, 6, 300.00, 1),
(32537, 1357, '增种动物1560个', 1523266429, 6, 1560.00, 1),
(32538, 1357, '增种动物211个', 1523266457, 6, 211.00, 1),
(32539, 1357, '开绿池花费动物300只', 1523266491, 4, 300.00, 1),
(32540, 1357, '收取秧苗2131个', 1523266499, 7, 2131.00, 1),
(32541, 1368, '抽奖花费动物数量10个', 1523268621, 18, 10.00, 1),
(32542, 1368, '抽奖赠送动物数量2个', 1523268621, 18, 2.00, 1),
(32543, 1368, '增种稻米19个', 1523269698, 5, 19.00, 1),
(32544, 1368, '增种水稻2400个', 1523269738, 6, 2400.00, 1),
(32545, 1368, '增种水稻2400个', 1523269742, 6, 2400.00, 1),
(32546, 1368, '增种水稻426个', 1523269756, 6, 426.00, 1),
(32547, 1368, '增种水稻426个', 1523269757, 6, 426.00, 1),
(32548, 1368, '增种水稻426个', 1523269758, 6, 426.00, 1),
(32549, 1368, '增种水稻426个', 1523269760, 6, 426.00, 1),
(32550, 1368, '增种水稻426个', 1523269761, 6, 426.00, 1),
(32551, 1368, '增种水稻419个', 1523269844, 6, 419.00, 1),
(32552, 1368, '增种水稻410个', 1523269854, 6, 410.00, 1),
(32553, 1368, '增种水稻300个', 1523269895, 6, 300.00, 1),
(32554, 1368, '增种水稻27000个', 1523269954, 6, 27000.00, 1),
(32555, 1370, '增种水稻7000个', 1523270532, 6, 7000.00, 1),
(32556, 1370, '开金地花费水稻3000只', 1523270559, 4, 3000.00, 1),
(32557, 1370, '增种水稻5000个', 1523270570, 6, 5000.00, 1),
(32558, 1370, '打扫朋友13685011584收获苗0个', 1523271105, 16, 0.00, 1),
(32559, 1368, '增种水稻2000个', 1523272857, 6, 2000.00, 1),
(32560, 1368, '增种水稻27000个', 1523273304, 6, 27000.00, 1),
(32561, 1368, '激活用户18137492292扣除水稻300只', 1523277347, 13, 300.00, 1),
(32562, 1368, '增种水稻2000个', 1523277977, 6, 2000.00, 1),
(32563, 1368, '增种水稻2000个', 1523277993, 6, 2000.00, 1),
(32564, 1368, '增种水稻27000个', 1523278009, 6, 27000.00, 1),
(32565, 1368, '增种水稻2700个', 1523278210, 6, 2700.00, 1),
(32566, 1368, '增种水稻1800个', 1523278224, 6, 1800.00, 1),
(32567, 1368, '增种水稻2700个', 1523278235, 6, 2700.00, 1),
(32568, 1368, '增种水稻2700个', 1523278253, 6, 2700.00, 1),
(32569, 1368, '增种水稻2700个', 1523278270, 6, 2700.00, 1),
(32570, 1368, '增种水稻25000个', 1523278316, 6, 25000.00, 1),
(32571, 1368, '增种水稻27000个', 1523278333, 6, 27000.00, 1),
(32572, 1357, '收取稻米103.50个', 1523278512, 8, 103.50, 1),
(32573, 1357, '打扫所有朋友收获苗2.88个', 1523278541, 16, 2.88, 1),
(32574, 1357, '收取秧苗19406个', 1523281187, 7, 19406.00, 1),
(32575, 1357, '增种稻米2900个', 1523281208, 5, 2900.00, 1),
(32576, 1357, '收取稻米3.45个', 1523281213, 8, 3.45, 1),
(32577, 1368, '激活用户18137492292扣除水稻300只', 1523281655, 13, 300.00, 1),
(32578, 1368, '激活用户18137492292扣除水稻300只', 1523282203, 13, 300.00, 1),
(32579, 1370, '收取秧苗2700个', 1523282746, 7, 2700.00, 1),
(32580, 1370, '增种水稻2700个', 1523282764, 6, 2700.00, 1),
(32581, 1368, '抽奖花费水稻数量10个', 1523282771, 18, 10.00, 1),
(32582, 1370, '收取秧苗27000个', 1523282826, 7, 27000.00, 1),
(32583, 1370, '开金地花费水稻3000只', 1523282835, 4, 3000.00, 1),
(32584, 1370, '开金地花费水稻3000只', 1523282842, 4, 3000.00, 1),
(32585, 1370, '开金地花费水稻3000只', 1523282847, 4, 3000.00, 1),
(32586, 1370, '开绿地花费水稻300只', 1523282851, 4, 300.00, 1),
(32587, 1370, '开绿地花费水稻300只', 1523282857, 4, 300.00, 1),
(32588, 1370, '开绿地花费水稻300只', 1523282863, 4, 300.00, 1),
(32589, 1370, '开绿地花费水稻300只', 1523282877, 4, 300.00, 1),
(32590, 1370, '开绿地花费水稻300只', 1523282883, 4, 300.00, 1),
(32591, 1370, '开绿地花费水稻300只', 1523282889, 4, 300.00, 1),
(32592, 1370, '增种水稻16000个', 1523282904, 6, 16000.00, 1),
(32593, 1370, '增种水稻200个', 1523282914, 6, 200.00, 1),
(32594, 1370, '收取秧苗2700个', 1523283108, 7, 2700.00, 1),
(32595, 1370, '升级稻草人恭喜你!升级稻草人成功！ 花费数量100', 1523283117, 9, 100.00, 1),
(32596, 1370, '增种水稻2600个', 1523283142, 6, 2600.00, 1),
(32597, 1373, '开绿地花费水稻300只', 1523283293, 4, 300.00, 1),
(32598, 1368, '抽奖花费水稻数量10个', 1523283714, 18, 10.00, 1),
(32599, 1368, '抽奖赠送水稻数量0个', 1523283714, 18, 0.00, 1),
(32600, 1374, '开绿地花费水稻300只', 1523290477, 4, 300.00, 1),
(32601, 1357, '收取秧苗2900个', 1523294883, 7, 2900.00, 1),
(32602, 1368, '打扫朋友18137492292收获苗0个', 1523314707, 16, 0.00, 1),
(32603, 1368, '升级稻草人恭喜你!升级稻草人成功！ 花费数量200', 1523314822, 9, 200.00, 1),
(32604, 1368, '收取稻米87.87个', 1523315375, 8, 87.87, 1),
(32605, 1368, '收取稻米90.00个', 1523315418, 8, 90.00, 1),
(32606, 1368, '收取稻米72.90个', 1523315424, 8, 72.90, 1),
(32607, 1368, '收取稻米900.00个', 1523315484, 8, 900.00, 1),
(32608, 1368, '收取稻米90.00个', 1523315720, 8, 90.00, 1),
(32609, 1368, '收取稻米900.00个', 1523315737, 8, 900.00, 1),
(32610, 1368, '收取稻米69.57个', 1523315918, 8, 69.57, 1),
(32611, 1373, '收取稻米8.70个', 1523316071, 8, 8.70, 1),
(32612, 1368, '收取稻米900.00个', 1523316813, 8, 900.00, 1),
(32613, 1368, '打扫朋友18137492292收获苗0.87个', 1523316912, 16, 0.87, 1),
(32614, 1368, '收取稻米90.00个', 1523318344, 8, 90.00, 1),
(32615, 1368, '收取稻米81.00个', 1523318382, 8, 81.00, 1),
(32616, 1370, '收取稻米88.50个', 1523321659, 8, 88.50, 1),
(32617, 1370, '增种稻米88个', 1523321664, 5, 88.00, 1),
(32618, 1370, '收取秧苗2700个', 1523321692, 7, 2700.00, 1),
(32619, 1370, '收取稻米8.85个', 1523321696, 8, 8.85, 1),
(32620, 1370, '增种稻米9个', 1523321700, 5, 9.00, 1),
(32621, 1370, '激活用户13685011584扣除水稻300只', 1523321926, 13, 300.00, 1),
(32622, 1368, '打扫朋友18137492292收获苗147.205个', 1523321987, 16, 147.21, 1),
(32623, 1370, '增种水稻2400个', 1523322041, 6, 2400.00, 1),
(32624, 1370, '收取稻米88.50个', 1523322372, 8, 88.50, 1),
(32625, 1370, '收取稻米88.50个', 1523322382, 8, 88.50, 1),
(32626, 1370, '增种稻米177个', 1523322550, 5, 177.00, 1),
(32627, 1370, '收取稻米8.85个', 1523322630, 8, 8.85, 1),
(32628, 1368, '收取秧苗2629个', 1523322765, 7, 2629.00, 1),
(32629, 1368, '收取秧苗2130个', 1523322774, 7, 2130.00, 1),
(32630, 1368, '收取秧苗2700个', 1523322786, 7, 2700.00, 1),
(32631, 1370, '增种稻米9个', 1523322819, 5, 9.00, 1),
(32632, 1370, '收取稻米708.00个', 1523322833, 8, 708.00, 1),
(32633, 1370, '增种稻米708个', 1523322846, 5, 708.00, 1),
(32634, 1369, '开绿地花费水稻300只', 1523323147, 4, 300.00, 1),
(32635, 1375, '开绿地花费水稻300只', 1523324667, 4, 300.00, 1),
(32636, 1368, '激活用户18137492292扣除水稻300只', 1523326714, 13, 300.00, 1),
(32637, 1368, '打扫朋友18137492292收获苗0.87个', 1523327087, 16, 0.87, 1),
(32638, 1376, '开绿地花费水稻300只', 1523327183, 4, 300.00, 1),
(32639, 1368, '转账给账号:15568074851花费苗数量300', 1523331301, 14, 300.00, 1),
(32640, 1376, '账号:18137492292转账给我苗数量300', 1523331301, 14, 300.00, 1),
(32641, 1372, '开绿地花费水稻300只', 1523332811, 4, 300.00, 1),
(32642, 1373, '增种稻米1个', 1523333395, 5, 1.00, 1),
(32643, 1373, '增种稻米7个', 1523333418, 5, 7.00, 1),
(32644, 1374, '收取稻米8.70个', 1523333961, 8, 8.70, 1),
(32645, 1374, '增种稻米8个', 1523333977, 5, 8.00, 1),
(32646, 1370, '收取秧苗177个', 1523335569, 7, 177.00, 1),
(32647, 1370, '增种水稻177个', 1523335580, 6, 177.00, 1),
(32648, 1368, '转账给账号:15568074851花费水稻数量300', 1523344138, 14, 300.00, 1),
(32649, 1376, '账号:18137492292转账给我水稻数量300', 1523344138, 14, 300.00, 1),
(32650, 1376, '激活用户15568074851扣除水稻300只', 1523347292, 13, 300.00, 1),
(32651, 1377, '开绿地花费水稻300只', 1523348356, 4, 300.00, 1),
(32652, 1376, '转账给账号:18137492292花费苗数量297', 1523348646, 14, 297.00, 1),
(32653, 1368, '账号:15568074851转账给我苗数量270', 1523348646, 14, 270.00, 1),
(32654, 1376, '增种稻米3个', 1523348663, 5, 3.00, 1),
(32655, 1376, '收取秧苗3个', 1523351104, 7, 3.00, 1),
(32656, 1376, '增种水稻3个', 1523351180, 6, 3.00, 1),
(32657, 1370, '收取稻米88.50个', 1523351285, 8, 88.50, 1),
(32658, 1370, '增种稻米88个', 1523351296, 5, 88.00, 1),
(32659, 1370, '收取秧苗2700个', 1523351308, 7, 2700.00, 1),
(32660, 1370, '收取秧苗2688个', 1523351313, 7, 2688.00, 1),
(32661, 1370, '收取秧苗2700个', 1523351320, 7, 2700.00, 1),
(32662, 1370, '收取秧苗2488个', 1523351334, 7, 2488.00, 1),
(32663, 1370, '增种水稻1000个', 1523351355, 6, 1000.00, 1),
(32664, 1370, '增种水稻981个', 1523351389, 6, 981.00, 1),
(32665, 1370, '收取稻米85.55个', 1523351398, 8, 85.55, 1),
(32666, 1370, '增种稻米86个', 1523351404, 5, 86.00, 1),
(32667, 1370, '增种水稻5000个', 1523351427, 6, 5000.00, 1),
(32668, 1370, '增种水稻3000个', 1523351438, 6, 3000.00, 1),
(32669, 1370, '增种水稻500个', 1523351447, 6, 500.00, 1),
(32670, 1370, '增种水稻95个', 1523351493, 6, 95.00, 1),
(32671, 1370, '打扫朋友13685011584收获苗0.87个', 1523352009, 16, 0.87, 1),
(32672, 1370, '增种稻米1个', 1523352032, 5, 1.00, 1),
(32673, 1371, '收取稻米8.70个', 1523356738, 8, 8.70, 1),
(32674, 1371, '增种稻米8个', 1523356746, 5, 8.00, 1),
(32675, 1370, '收取秧苗1个', 1523360957, 7, 1.00, 1),
(32676, 1370, '收取秧苗981个', 1523360966, 7, 981.00, 1),
(32677, 1370, '激活用户13685011584扣除水稻300只', 1523361068, 13, 300.00, 1),
(32678, 1370, '激活用户13685011584扣除水稻300只', 1523361771, 13, 300.00, 1),
(32679, 1376, '收取秧苗3个', 1523363394, 7, 3.00, 1),
(32680, 1376, '增种水稻3个', 1523363402, 6, 3.00, 1),
(32681, 1378, '开绿地花费水稻300只', 1523366775, 4, 300.00, 1),
(32682, 1370, '激活用户13685011584扣除水稻300只', 1523369321, 13, 300.00, 1),
(32683, 1370, '增种水稻82个', 1523369344, 6, 82.00, 1),
(32684, 1380, '开绿地花费水稻300只', 1523369456, 4, 300.00, 1),
(32685, 1370, '收取秧苗6385个', 1523371082, 7, 6385.00, 1),
(32686, 1370, '激活用户13685011584扣除水稻300只', 1523371179, 13, 300.00, 1),
(32687, 1381, '开绿地花费水稻300只', 1523371352, 4, 300.00, 1),
(32688, 1380, '打扫朋友15959030580收获苗0个', 1523371408, 16, 0.00, 1),
(32689, 1370, '激活用户13685011584扣除水稻300只', 1523372656, 13, 300.00, 1),
(32690, 1382, '开绿地花费水稻300只', 1523373136, 4, 300.00, 1),
(32691, 1370, '激活用户13685011584扣除水稻300只', 1523373297, 13, 300.00, 1),
(32692, 1383, '开绿地花费水稻300只', 1523373364, 4, 300.00, 1),
(32693, 1370, '激活用户13685011584扣除水稻300只', 1523374607, 13, 300.00, 1),
(32694, 1384, '开绿地花费水稻300只', 1523374713, 4, 300.00, 1),
(32695, 1370, '激活用户13685011584扣除水稻300只', 1523375140, 13, 300.00, 1),
(32696, 1385, '开绿地花费水稻300只', 1523375208, 4, 300.00, 1),
(32697, 1370, '激活用户13685011584扣除水稻300只', 1523375253, 13, 300.00, 1),
(32698, 1386, '开绿地花费水稻300只', 1523375511, 4, 300.00, 1),
(32699, 1370, '增种水稻4585个', 1523375768, 6, 4585.00, 1),
(32700, 1370, '打扫朋友13685011584收获苗0个', 1523376901, 16, 0.00, 1),
(32701, 1381, '打扫朋友15979888000收获苗0个', 1523377557, 16, 0.00, 1),
(32702, 1370, '收取秧苗82个', 1523377715, 7, 82.00, 1),
(32703, 1370, '收取秧苗1000个', 1523377720, 7, 1000.00, 1),
(32704, 1370, '激活用户13685011584扣除水稻300只', 1523377814, 13, 300.00, 1),
(32705, 1387, '开绿地花费水稻300只', 1523377912, 4, 300.00, 1),
(32706, 1370, '增种水稻782个', 1523377958, 6, 782.00, 1),
(32707, 1370, '收取稻米88.50个', 1523378897, 8, 88.50, 1),
(32708, 1370, '收取稻米88.50个', 1523378905, 8, 88.50, 1),
(32709, 1370, '增种稻米177个', 1523379029, 5, 177.00, 1),
(32710, 1380, '打扫朋友15959030580收获苗0个', 1523379666, 16, 0.00, 1),
(32711, 1375, '收取稻米9.30个', 1523435165, 8, 9.30, 1),
(32712, 1375, '增种稻米9个', 1523435179, 5, 9.00, 1),
(32713, 1372, '收取稻米9.30个', 1523435721, 8, 9.30, 1),
(32714, 1376, '收取稻米9.39个', 1523437027, 8, 9.39, 1),
(32715, 1376, '增种稻米9个', 1523437047, 5, 9.00, 1),
(32716, 1381, '收取稻米9.30个', 1523437956, 8, 9.30, 1),
(32717, 1381, '打扫朋友15979888000收获苗0.93个', 1523437982, 16, 0.93, 1),
(32718, 1381, '打扫朋友15979888000收获苗0.93个', 1523437991, 16, 0.93, 1),
(32719, 1381, '打扫朋友15979888000收获苗0.93个', 1523437998, 16, 0.93, 1),
(32720, 1380, '收取稻米9.30个', 1523438047, 8, 9.30, 1),
(32721, 1380, '增种稻米9个', 1523438057, 5, 9.00, 1),
(32722, 1380, '打扫朋友15959030580收获苗0.93个', 1523438073, 16, 0.93, 1),
(32723, 1380, '打扫朋友15959030580收获苗0.93个', 1523438084, 16, 0.93, 1),
(32724, 1380, '收取秧苗9个', 1523438142, 7, 9.00, 1),
(32725, 1380, '增种稻米2个', 1523438165, 5, 2.00, 1),
(32726, 1381, '增种稻米12个', 1523438181, 5, 12.00, 1),
(32727, 1383, '收取稻米9.30个', 1523438305, 8, 9.30, 1),
(32728, 1383, '打扫朋友15959031523收获苗0.93个', 1523438329, 16, 0.93, 1),
(32729, 1383, '打扫朋友15959031523收获苗0.93个', 1523438347, 16, 0.93, 1),
(32730, 1383, '增种稻米9个', 1523438362, 5, 9.00, 1),
(32731, 1383, '增种稻米2个', 1523438378, 5, 2.00, 1),
(32732, 1385, '收取稻米9.30个', 1523438473, 8, 9.30, 1),
(32733, 1368, '打扫朋友18137492292收获苗0.939个', 1523439617, 16, 0.94, 1),
(32734, 1387, '收取稻米9.30个', 1523439814, 8, 9.30, 1),
(32735, 1376, '收取秧苗12个', 1523439823, 7, 12.00, 1),
(32736, 1387, '增种稻米9个', 1523439830, 5, 9.00, 1),
(32737, 1376, '增种水稻12个', 1523439846, 6, 12.00, 1),
(32738, 1376, '打扫朋友15568074851收获苗0.93个', 1523439896, 16, 0.93, 1),
(32739, 1371, '收取稻米9.55个', 1523439958, 8, 9.55, 1),
(32740, 1376, '增种稻米1个', 1523439960, 5, 1.00, 1),
(32741, 1371, '增种稻米10个', 1523439968, 5, 10.00, 1),
(32742, 1370, '收取稻米756.00个', 1523442152, 8, 756.00, 1),
(32743, 1370, '收取稻米9.73个', 1523442156, 8, 9.73, 1),
(32744, 1370, '打扫朋友13685011584收获苗0.955个', 1523442191, 16, 0.96, 1),
(32745, 1370, '打扫朋友13685011584收获苗0.93个', 1523442199, 16, 0.93, 1),
(32746, 1370, '打扫朋友13685011584收获苗0.93个', 1523442207, 16, 0.93, 1),
(32747, 1370, '打扫朋友13685011584收获苗0个', 1523442218, 16, 0.00, 1),
(32748, 1370, '打扫朋友13685011584收获苗0.93个', 1523442226, 16, 0.93, 1),
(32749, 1370, '增种稻米769个', 1523447129, 5, 769.00, 1),
(32750, 1370, '收取秧苗782个', 1523447160, 7, 782.00, 1),
(32751, 1370, '激活用户13685011584扣除水稻300只', 1523447653, 13, 300.00, 1),
(32752, 1370, '收取秧苗21000个', 1523452601, 7, 21000.00, 1),
(32753, 1370, '激活用户13685011584扣除水稻300只', 1523452701, 13, 300.00, 1),
(32754, 1370, '增种水稻3000个', 1523452731, 6, 3000.00, 1),
(32755, 1370, '增种水稻3000个', 1523452743, 6, 3000.00, 1),
(32756, 1370, '增种水稻3000个', 1523452753, 6, 3000.00, 1),
(32757, 1389, '开绿地花费水稻300只', 1523452757, 4, 300.00, 1),
(32758, 1370, '增种水稻5000个', 1523452764, 6, 5000.00, 1),
(32759, 1370, '增种水稻5000个', 1523452773, 6, 5000.00, 1),
(32760, 1370, '增种水稻2000个', 1523452785, 6, 2000.00, 1),
(32761, 1377, '收取稻米9.30个', 1523458948, 8, 9.30, 1),
(32762, 1377, '增种稻米9个', 1523458962, 5, 9.00, 1),
(32763, 1377, '收取秧苗9个', 1523459017, 7, 9.00, 1),
(32764, 1377, '增种水稻9个', 1523459057, 6, 9.00, 1),
(32765, 1370, '增种水稻182个', 1523461504, 6, 182.00, 1),
(32766, 1384, '收取稻米9.30个', 1523462290, 8, 9.30, 1),
(32767, 1388, '开绿地花费水稻300只', 1523462530, 4, 300.00, 1),
(32768, 1381, '打扫朋友15979888000收获苗0个', 1523462577, 16, 0.00, 1),
(32769, 1384, '增种稻米9个', 1523462588, 5, 9.00, 1),
(32770, 1385, '增种稻米9个', 1523463051, 5, 9.00, 1),
(32771, 1370, '收取秧苗95个', 1523463063, 7, 95.00, 1),
(32772, 1370, '收取秧苗9个', 1523463070, 7, 9.00, 1),
(32773, 1370, '收取秧苗86个', 1523463077, 7, 86.00, 1),
(32774, 1370, '收取秧苗9个', 1523463083, 7, 9.00, 1),
(32775, 1370, '收取秧苗182个', 1523463089, 7, 182.00, 1),
(32776, 1370, '升级稻草人恭喜你!升级稻草人成功！ 花费数量200', 1523463097, 9, 200.00, 1),
(32777, 1370, '收取秧苗177个', 1523463113, 7, 177.00, 1),
(32778, 1370, '升级稻草人恭喜你!升级稻草人成功！ 花费数量300', 1523463121, 9, 300.00, 1),
(32779, 1370, '增种水稻58个', 1523463131, 6, 58.00, 1),
(32780, 1370, '收取稻米34.08个', 1523463179, 8, 34.08, 1),
(32781, 1370, '增种稻米34个', 1523463200, 5, 34.00, 1),
(32782, 1380, '打扫朋友15959030580收获苗0个', 1523463377, 16, 0.00, 1),
(32783, 1370, '收取稻米15.03个', 1523465384, 8, 15.03, 1),
(32784, 1370, '收取稻米12.16个', 1523465391, 8, 12.16, 1),
(32785, 1370, '收取稻米9.45个', 1523465396, 8, 9.45, 1),
(32786, 1370, '收取稻米238.93个', 1523465400, 8, 238.93, 1),
(32787, 1370, '增种稻米276个', 1523465469, 5, 276.00, 1),
(32788, 1368, '收取稻米9.60个', 1523466433, 8, 9.60, 1),
(32789, 1368, '收取稻米9.60个', 1523466441, 8, 9.60, 1),
(32790, 1368, '收取稻米9.60个', 1523466449, 8, 9.60, 1),
(32791, 1368, '收取稻米96.00个', 1523466456, 8, 96.00, 1),
(32792, 1368, '收取稻米96.00个', 1523467483, 8, 96.00, 1),
(32793, 1368, '收取稻米73.60个', 1523467488, 8, 73.60, 1),
(32794, 1368, '收取稻米960.00个', 1523467493, 8, 960.00, 1),
(32795, 1368, '收取稻米86.40个', 1523467497, 8, 86.40, 1),
(32796, 1375, '收取稻米9.58个', 1523484164, 8, 9.58, 1),
(32797, 1375, '增种稻米9个', 1523484189, 5, 9.00, 1),
(32798, 1372, '增种稻米9个', 1523486715, 5, 9.00, 1),
(32799, 1372, '收取稻米9.30个', 1523486720, 8, 9.30, 1),
(32800, 1372, '增种稻米9个', 1523486756, 5, 9.00, 1),
(32801, 1372, '收取秧苗18个', 1523486764, 7, 18.00, 1),
(32802, 1376, '收取稻米9.70个', 1523487391, 8, 9.70, 1),
(32803, 1376, '增种稻米10个', 1523487408, 5, 10.00, 1),
(32804, 1376, '收取秧苗23个', 1523487422, 7, 23.00, 1),
(32805, 1376, '增种水稻23个', 1523487459, 6, 23.00, 1),
(32806, 1376, '打扫朋友15568074851收获苗0.958个', 1523487504, 16, 0.96, 1),
(32807, 1387, '收取稻米9.58个', 1523487569, 8, 9.58, 1),
(32808, 1370, '打扫朋友13685011584收获苗0.986个', 1523491728, 16, 0.99, 1),
(32809, 1370, '打扫朋友13685011584收获苗0.958个', 1523491737, 16, 0.96, 1),
(32810, 1370, '打扫朋友13685011584收获苗0.93个', 1523491746, 16, 0.93, 1),
(32811, 1370, '打扫朋友13685011584收获苗0.936个', 1523491755, 16, 0.94, 1),
(32812, 1368, '打扫朋友18137492292收获苗155.747个', 1523493751, 16, 155.75, 1),
(32813, 1368, '打扫朋友18137492292收获苗0.93个', 1523493759, 16, 0.93, 1),
(32814, 1387, '增种稻米9个', 1523495605, 5, 9.00, 1),
(32815, 1377, '收取稻米9.58个', 1523496373, 8, 9.58, 1),
(32816, 1377, '收取秧苗9个', 1523496388, 7, 9.00, 1),
(32817, 1377, '增种水稻9个', 1523496408, 6, 9.00, 1),
(32818, 1377, '增种稻米9个', 1523496417, 5, 9.00, 1),
(32819, 1370, '收取稻米9.75个', 1523496768, 8, 9.75, 1),
(32820, 1378, '收取稻米9.30个', 1523498296, 8, 9.30, 1),
(32821, 1378, '增种稻米9个', 1523498307, 5, 9.00, 1),
(32822, 1379, '开绿地花费水稻300只', 1523499831, 4, 300.00, 1),
(32823, 1370, '增种稻米13个', 1523500741, 5, 13.00, 1),
(32824, 1388, '收取稻米9.30个', 1523505760, 8, 9.30, 1),
(32825, 1370, '收取稻米11.64个', 1523506526, 8, 11.64, 1),
(32826, 1370, '收取稻米9.75个', 1523506530, 8, 9.75, 1),
(32827, 1370, '收取稻米9.75个', 1523506542, 8, 9.75, 1),
(32828, 1370, '增种稻米31个', 1523508594, 5, 31.00, 1),
(32829, 1370, '收取秧苗31个', 1523512180, 7, 31.00, 1),
(32830, 1370, '收取秧苗34个', 1523512184, 7, 34.00, 1),
(32831, 1370, '收取秧苗13个', 1523512188, 7, 13.00, 1),
(32832, 1370, '收取秧苗58个', 1523512191, 7, 58.00, 1),
(32833, 1370, '收取秧苗5276个', 1523512201, 7, 5276.00, 1),
(32834, 1370, '升级稻草人倒霉了,升级稻草人失败了 -.-花费数量400', 1523512209, 9, 400.00, 1),
(32835, 1370, '升级稻草人倒霉了,升级稻草人失败了 -.-花费数量400', 1523512211, 9, 400.00, 1),
(32836, 1370, '升级稻草人恭喜你!升级稻草人成功！ 花费数量400', 1523512213, 9, 400.00, 1),
(32837, 1370, '购买机器花费数量400', 1523512240, 9, 400.00, 1),
(32838, 1370, '增种水稻3800个', 1523512249, 6, 3800.00, 1),
(32839, 1370, '增种水稻12个', 1523512258, 6, 12.00, 1),
(32840, 1370, '收取秧苗3812个', 1523512273, 7, 3812.00, 1),
(32841, 1370, '增种水稻3812个', 1523512296, 6, 3812.00, 1),
(32842, 1381, '收取稻米9.67个', 1523513224, 8, 9.67, 1),
(32843, 1382, '收取稻米9.30个', 1523513281, 8, 9.30, 1),
(32844, 1357, '收取稻米3.35个', 1523513345, 8, 3.35, 1),
(32845, 1357, '收取稻米3.35个', 1523513350, 8, 3.35, 1),
(32846, 1357, '收取稻米3.35个', 1523513355, 8, 3.35, 1),
(32847, 1357, '收取稻米3.35个', 1523513360, 8, 3.35, 1),
(32848, 1371, '收取稻米9.86个', 1523520520, 8, 9.86, 1),
(32849, 1371, '增种稻米10个', 1523520536, 5, 10.00, 1),
(32850, 1374, '收取秧苗8个', 1523521091, 7, 8.00, 1),
(32851, 1374, '增种水稻8个', 1523521111, 6, 8.00, 1),
(32852, 1374, '收取稻米9.55个', 1523521119, 8, 9.55, 1),
(32853, 1374, '增种稻米10个', 1523521128, 5, 10.00, 1),
(32854, 1381, '打扫朋友15979888000收获苗0.93个', 1523523546, 16, 0.93, 1),
(32855, 1381, '打扫朋友15979888000收获苗0.93个', 1523523562, 16, 0.93, 1),
(32856, 1381, '打扫朋友15979888000收获苗0.958个', 1523523573, 16, 0.96, 1),
(32857, 1381, '打扫朋友15979888000收获苗0.93个', 1523523581, 16, 0.93, 1),
(32858, 1381, '增种稻米13个', 1523523604, 5, 13.00, 1),
(32859, 1382, '增种稻米9个', 1523523721, 5, 9.00, 1),
(32860, 1388, '增种稻米9个', 1523524494, 5, 9.00, 1),
(32861, 1367, '激活用户13327797846扣除水稻300只', 1523524852, 13, 300.00, 1),
(32862, 1377, '收取秧苗18个', 1523530907, 7, 18.00, 1),
(32863, 1377, '增种水稻18个', 1523530945, 6, 18.00, 1),
(32864, 1375, '收取秧苗18个', 1523530958, 7, 18.00, 1),
(32865, 1375, '增种水稻18个', 1523531065, 6, 18.00, 1),
(32866, 1385, '收取稻米9.58个', 1523532983, 8, 9.58, 1),
(32867, 1385, '收取秧苗9个', 1523533014, 7, 9.00, 1),
(32868, 1380, '收取稻米9.36个', 1523533099, 8, 9.36, 1),
(32869, 1380, '增种稻米309个', 1523533214, 5, 309.00, 1),
(32870, 1380, '打扫朋友15959030580收获苗0.967个', 1523533231, 16, 0.97, 1),
(32871, 1380, '打扫朋友15959030580收获苗0.964个', 1523533253, 16, 0.96, 1),
(32872, 1380, '打扫朋友15959030580收获苗0.93个', 1523533264, 16, 0.93, 1),
(32873, 1383, '打扫朋友15959031523收获苗0.958个', 1523533357, 16, 0.96, 1),
(32874, 1383, '打扫朋友15959031523收获苗0.958个', 1523533365, 16, 0.96, 1),
(32875, 1385, '增种稻米9个', 1523533425, 5, 9.00, 1),
(32876, 1380, '增种稻米3个', 1523533532, 5, 3.00, 1),
(32877, 1383, '增种稻米22个', 1523535299, 5, 22.00, 1),
(32878, 1380, '收取秧苗314个', 1523535402, 7, 314.00, 1),
(32879, 1380, '激活用户15959030580扣除水稻300只', 1523535449, 13, 300.00, 1),
(32880, 1382, '增种稻米10个', 1523536165, 5, 10.00, 1),
(32881, 1386, '增种稻米10个', 1523536226, 5, 10.00, 1),
(32882, 1389, '增种稻米10个', 1523547103, 5, 10.00, 1),
(32883, 1386, '增种稻米10个', 1523547243, 5, 10.00, 1),
(32884, 1386, '收取稻米9.30个', 1523547548, 8, 9.30, 1),
(32885, 1386, '增种稻米9个', 1523547557, 5, 9.00, 1),
(32886, 1391, '打扫朋友13685011584收获苗1.017个', 1523576481, 16, 1.02, 1),
(32887, 1381, '收取稻米10.08个', 1523577935, 8, 10.08, 1),
(32888, 1378, '收取秧苗9个', 1523579690, 7, 9.00, 1),
(32889, 1378, '增种水稻9个', 1523579698, 6, 9.00, 1),
(32890, 1375, '收取稻米9.86个', 1523579737, 8, 9.86, 1),
(32891, 1375, '增种稻米10个', 1523579750, 5, 10.00, 1),
(32892, 1376, '收取稻米10.01个', 1523583096, 8, 10.01, 1),
(32893, 1376, '打扫朋友15568074851收获苗0.986个', 1523583110, 16, 0.99, 1),
(32894, 1376, '增种稻米11个', 1523583118, 5, 11.00, 1),
(32895, 1376, '收取秧苗34个', 1523583128, 7, 34.00, 1),
(32896, 1376, '增种水稻34个', 1523583136, 6, 34.00, 1),
(32897, 1391, '打扫朋友13685011584收获苗0.958个', 1523585254, 16, 0.96, 1),
(32898, 1391, '打扫朋友13685011584收获苗0.986个', 1523585269, 16, 0.99, 1),
(32899, 1391, '打扫朋友13685011584收获苗0.93个', 1523585276, 16, 0.93, 1),
(32900, 1374, '收取秧苗18个', 1523585281, 7, 18.00, 1),
(32901, 1391, '打扫朋友13685011584收获苗0.93个', 1523585282, 16, 0.93, 1),
(32902, 1374, '增种水稻18个', 1523585336, 6, 18.00, 1),
(32903, 1381, '收取稻米33.80个', 1523766964, 8, 33.80, 1),
(32904, 1382, '收取稻米33.18个', 1523507857, 8, 33.18, 1),
(32905, 1367, '开绿地花费水稻300只', 1523508581, 4, 300.00, 1),
(32906, 1367, '收取稻米9.30个', 1523509137, 8, 9.30, 1),
(32907, 1388, '收取稻米9.58个', 1523509467, 8, 9.58, 1),
(32908, 1388, '增种稻米9个', 1523509477, 5, 9.00, 1),
(32909, 1387, '收取稻米9.86个', 1523510628, 8, 9.86, 1),
(32910, 1387, '增种稻米10个', 1523510638, 5, 10.00, 1),
(32911, 1387, '收取秧苗28个', 1523510674, 7, 28.00, 1),
(32912, 1387, '增种水稻28个', 1523510707, 6, 28.00, 1),
(32913, 1381, '打扫朋友15979888000收获苗0.989个', 1523511015, 16, 0.99, 1),
(32914, 1381, '打扫朋友15979888000收获苗1.02个', 1523511026, 16, 1.02, 1),
(32915, 1381, '打扫朋友15979888000收获苗0.986个', 1523511032, 16, 0.99, 1),
(32916, 1381, '打扫朋友15979888000收获苗0.961个', 1523511038, 16, 0.96, 1),
(32917, 1381, '增种稻米48个', 1523511062, 5, 48.00, 1),
(32918, 1382, '增种稻米33个', 1523511320, 5, 33.00, 1),
(32919, 1389, '收取秧苗10个', 1523511402, 7, 10.00, 1),
(32920, 1389, '收取稻米9.61个', 1523511462, 8, 9.61, 1),
(32921, 1389, '增种稻米9个', 1523511483, 5, 9.00, 1),
(32922, 1386, '收取稻米10.20个', 1523511712, 8, 10.20, 1),
(32923, 1391, '开绿地花费水稻300只', 1523511725, 4, 300.00, 1),
(32924, 1386, '增种稻米10个', 1523511727, 5, 10.00, 1),
(32925, 1391, '开绿地花费水稻300只', 1523511750, 4, 300.00, 1),
(32926, 1391, '开金地花费水稻3000只', 1523511755, 4, 3000.00, 1),
(32927, 1391, '开金地花费水稻3000只', 1523511762, 4, 3000.00, 1),
(32928, 1391, '开金地花费水稻3000只', 1523511768, 4, 3000.00, 1),
(32929, 1391, '开金地花费水稻3000只', 1523511773, 4, 3000.00, 1),
(32930, 1391, '开金地花费水稻3000只', 1523511778, 4, 3000.00, 1),
(32931, 1391, '开绿地花费水稻300只', 1523511784, 4, 300.00, 1),
(32932, 1391, '开绿地花费水稻300只', 1523511789, 4, 300.00, 1),
(32933, 1391, '开绿地花费水稻300只', 1523511795, 4, 300.00, 1),
(32934, 1391, '开绿地花费水稻300只', 1523511800, 4, 300.00, 1),
(32935, 1391, '开绿地花费水稻300只', 1523511805, 4, 300.00, 1),
(32936, 1391, '开绿地花费水稻300只', 1523511809, 4, 300.00, 1),
(32937, 1391, '开绿地花费水稻300只', 1523511814, 4, 300.00, 1),
(32938, 1391, '开绿地花费水稻300只', 1523511820, 4, 300.00, 1),
(32939, 1391, '升级稻草人恭喜你!升级稻草人成功！ 花费数量100', 1523511827, 9, 100.00, 1),
(32940, 1391, '升级稻草人恭喜你!升级稻草人成功！ 花费数量200', 1523511838, 9, 200.00, 1),
(32941, 1391, '升级稻草人恭喜你!升级稻草人成功！ 花费数量300', 1523511846, 9, 300.00, 1),
(32942, 1391, '升级稻草人恭喜你!升级稻草人成功！ 花费数量400', 1523511851, 9, 400.00, 1),
(32943, 1391, '升级稻草人恭喜你!升级稻草人成功！ 花费数量500', 1523511856, 9, 500.00, 1),
(32944, 1391, '升级稻草人恭喜你!升级稻草人成功！ 花费数量600', 1523511861, 9, 600.00, 1),
(32945, 1391, '升级稻草人恭喜你!升级稻草人成功！ 花费数量700', 1523511867, 9, 700.00, 1),
(32946, 1391, '升级稻草人倒霉了,升级稻草人失败了 -.-花费数量800', 1523511872, 9, 800.00, 1),
(32947, 1391, '升级稻草人倒霉了,升级稻草人失败了 -.-花费数量800', 1523511873, 9, 800.00, 1),
(32948, 1391, '升级稻草人恭喜你!升级稻草人成功！ 花费数量800', 1523511875, 9, 800.00, 1),
(32949, 1391, '升级稻草人恭喜你!升级稻草人成功！ 花费数量900', 1523511882, 9, 900.00, 1),
(32950, 1391, '增种水稻25000个', 1523511900, 6, 25000.00, 1),
(32951, 1391, '收取秧苗25000个', 1523511943, 7, 25000.00, 1),
(32952, 1391, '购买机器花费数量400', 1523511952, 9, 400.00, 1),
(32953, 1391, '收割机增种苗花费10000个', 1523511963, 10, 10000.00, 1),
(32954, 1391, '增种水稻24000个', 1523511978, 6, 24000.00, 1),
(32955, 1391, '增种稻米20000个', 1523511989, 5, 20000.00, 1),
(32956, 1391, '增种稻米2000个', 1523512000, 5, 2000.00, 1),
(32957, 1391, '增种稻米25000个', 1523512012, 5, 25000.00, 1),
(32958, 1391, '增种稻米4004个', 1523512020, 5, 4004.00, 1),
(32959, 1381, '收取稻米10.08个', 1523512225, 8, 10.08, 1),
(32960, 1381, '增种稻米10个', 1523512305, 5, 10.00, 1),
(32961, 1382, '收取稻米9.89个', 1523512433, 8, 9.89, 1),
(32962, 1382, '增种稻米10个', 1523512456, 5, 10.00, 1),
(32963, 1378, '收取稻米9.58个', 1523513977, 8, 9.58, 1),
(32964, 1378, '增种稻米9个', 1523513990, 5, 9.00, 1),
(32965, 1377, '收取稻米9.86个', 1523514471, 8, 9.86, 1),
(32966, 1377, '收取秧苗18个', 1523514481, 7, 18.00, 1);
INSERT INTO `gs_user_finance` (`id`, `userid`, `desc`, `create_time`, `type`, `number`, `counts`) VALUES
(32967, 1377, '增种稻米10个', 1523514487, 5, 10.00, 1),
(32968, 1377, '增种水稻18个', 1523514495, 6, 18.00, 1),
(32969, 1391, '打扫朋友13685011584收获苗0.93个', 1523527283, 16, 0.93, 1),
(32970, 1391, '打扫朋友13685011584收获苗0.93个', 1523527291, 16, 0.93, 1),
(32971, 1391, '打扫朋友13685011584收获苗0.958个', 1523527298, 16, 0.96, 1),
(32972, 1391, '打扫朋友13685011584收获苗1.017个', 1523527308, 16, 1.02, 1),
(32973, 1391, '打扫朋友13685011584收获苗1.017个', 1523527314, 16, 1.02, 1),
(32974, 1391, '增种稻米5个', 1523529500, 5, 5.00, 1),
(32975, 1391, '收取秧苗25000个', 1523529542, 7, 25000.00, 1),
(32976, 1391, '增种水稻2500个', 1523529560, 6, 2500.00, 1),
(32977, 1371, '收取稻米10.17个', 1523530747, 8, 10.17, 1),
(32978, 1371, '增种稻米10个', 1523530760, 5, 10.00, 1),
(32979, 1375, '收取稻米10.17个', 1523530994, 8, 10.17, 1),
(32980, 1375, '增种稻米10个', 1523531008, 5, 10.00, 1),
(32981, 1372, '收取稻米9.30个', 1523533258, 8, 9.30, 1),
(32982, 1372, '增种稻米9个', 1523533369, 5, 9.00, 1),
(32983, 1379, '收取稻米9.30个', 1523537847, 8, 9.30, 1),
(32984, 1379, '增种稻米9个', 1523545755, 5, 9.00, 1),
(32985, 1376, '收取稻米10.35个', 1523570442, 8, 10.35, 1),
(32986, 1376, '增种稻米11个', 1523570457, 5, 11.00, 1),
(32987, 1376, '打扫朋友15568074851收获苗0.986个', 1523575262, 16, 0.99, 1),
(32988, 1376, '增种稻米1个', 1523575304, 5, 1.00, 1),
(32989, 1376, '收取秧苗46个', 1523575404, 7, 46.00, 1),
(32990, 1376, '增种水稻46个', 1523575631, 6, 46.00, 1),
(32991, 1376, '收取秧苗46个', 1523576262, 7, 46.00, 1),
(32992, 1376, '增种水稻46个', 1523576342, 6, 46.00, 1),
(32993, 1389, '增种水稻10个', 1523581351, 6, 10.00, 1),
(32994, 1380, '增种水稻14个', 1523583803, 6, 14.00, 1),
(32995, 1380, '收取稻米9.30个', 1523583812, 8, 9.30, 1),
(32996, 1380, '增种稻米19个', 1523583825, 5, 19.00, 1),
(32997, 1380, '打扫朋友15959030580收获苗1.008个', 1523583843, 16, 1.01, 1),
(32998, 1380, '打扫朋友15959030580收获苗1.032个', 1523583851, 16, 1.03, 1),
(32999, 1380, '打扫朋友15959030580收获苗0.958个', 1523583865, 16, 0.96, 1),
(33000, 1380, '打扫朋友15959030580收获苗0个', 1523583877, 16, 0.00, 1),
(33001, 1383, '打扫朋友15959031523收获苗0.958个', 1523583955, 16, 0.96, 1),
(33002, 1383, '打扫朋友15959031523收获苗0.958个', 1523583964, 16, 0.96, 1),
(33003, 1384, '增种稻米10个', 1523584022, 5, 10.00, 1),
(33004, 1385, '收取稻米9.58个', 1523584112, 8, 9.58, 1),
(33005, 1385, '增种稻米10个', 1523584118, 5, 10.00, 1),
(33006, 1380, '增种稻米3个', 1523584214, 5, 3.00, 1),
(33007, 1383, '增种稻米2个', 1523584293, 5, 2.00, 1),
(33008, 1384, '收取稻米9.58个', 1523584697, 8, 9.58, 1),
(33009, 1384, '增种稻米9个', 1523584706, 5, 9.00, 1),
(33010, 1391, '激活用户13685011584扣除水稻300只', 1523585076, 13, 300.00, 1),
(33011, 1381, '收取稻米39.83个', 1523585898, 8, 39.83, 1),
(33012, 1391, '收取稻米32.55个', 1523585905, 8, 32.55, 1),
(33013, 1391, '收取稻米32.55个', 1523585909, 8, 32.55, 1),
(33014, 1391, '收取稻米32.55个', 1523585912, 8, 32.55, 1),
(33015, 1391, '收取稻米32.55个', 1523585916, 8, 32.55, 1),
(33016, 1391, '收取稻米32.55个', 1523585920, 8, 32.55, 1),
(33017, 1391, '收取稻米32.55个', 1523585924, 8, 32.55, 1),
(33018, 1391, '收取稻米32.55个', 1523585928, 8, 32.55, 1),
(33019, 1391, '收取稻米32.55个', 1523585932, 8, 32.55, 1),
(33020, 1391, '收取稻米32.55个', 1523585936, 8, 32.55, 1),
(33021, 1391, '收取稻米32.55个', 1523585940, 8, 32.55, 1),
(33022, 1391, '收取稻米2929.50个', 1523585945, 8, 2929.50, 1),
(33023, 1391, '收取稻米2495.50个', 1523585949, 8, 2495.50, 1),
(33024, 1391, '收取稻米542.50个', 1523585953, 8, 542.50, 1),
(33025, 1391, '收取稻米325.50个', 1523585958, 8, 325.50, 1),
(33026, 1391, '收取稻米1031.73个', 1523585963, 8, 1031.73, 1),
(33027, 1391, '增种稻米7650个', 1523585973, 5, 7650.00, 1),
(33028, 1380, '收取稻米34.94个', 1523586653, 8, 34.94, 1),
(33029, 1380, '增种稻米35个', 1523586671, 5, 35.00, 1),
(33030, 1380, '打扫朋友15959030580收获苗3.983个', 1523586683, 16, 3.98, 1),
(33031, 1380, '打扫朋友15959030580收获苗3.484个', 1523586703, 16, 3.48, 1),
(33032, 1380, '打扫朋友15959030580收获苗3.307个', 1523586712, 16, 3.31, 1),
(33033, 1380, '打扫朋友15959030580收获苗765.023个', 1523586721, 16, 765.02, 1),
(33034, 1383, '收取稻米34.84个', 1523586841, 8, 34.84, 1),
(33035, 1383, '打扫朋友15959031523收获苗3.411个', 1523586850, 16, 3.41, 1),
(33036, 1383, '打扫朋友15959031523收获苗3.318个', 1523586860, 16, 3.32, 1),
(33037, 1383, '增种稻米41个', 1523586879, 5, 41.00, 1),
(33038, 1384, '收取稻米34.11个', 1523586929, 8, 34.11, 1),
(33039, 1384, '增种稻米34个', 1523586943, 5, 34.00, 1),
(33040, 1385, '收取稻米33.18个', 1523586983, 8, 33.18, 1),
(33041, 1385, '增种稻米33个', 1523586997, 5, 33.00, 1),
(33042, 1380, '增种稻米776个', 1523587453, 5, 776.00, 1),
(33043, 1385, '收取秧苗52个', 1523587862, 7, 52.00, 1),
(33044, 1375, '收取稻米35.15个', 1523588016, 8, 35.15, 1),
(33045, 1375, '增种稻米36个', 1523588033, 5, 36.00, 1),
(33046, 1379, '收取稻米32.14个', 1523588176, 8, 32.14, 1),
(33047, 1379, '增种稻米32个', 1523588190, 5, 32.00, 1),
(33048, 1381, '增种稻米40个', 1523592445, 5, 40.00, 1),
(33049, 1381, '打扫朋友15979888000收获苗3.765个', 1523592458, 16, 3.77, 1),
(33050, 1381, '打扫朋友15979888000收获苗3.526个', 1523592467, 16, 3.53, 1),
(33051, 1381, '打扫朋友15979888000收获苗3.411个', 1523592475, 16, 3.41, 1),
(33052, 1381, '打扫朋友15979888000收获苗3.318个', 1523592480, 16, 3.32, 1),
(33053, 1381, '增种稻米14个', 1523592493, 5, 14.00, 1),
(33054, 1382, '收取稻米37.65个', 1523592649, 8, 37.65, 1),
(33055, 1382, '增种稻米38个', 1523592655, 5, 38.00, 1),
(33056, 1389, '收取稻米33.18个', 1523592786, 8, 33.18, 1),
(33057, 1389, '增种稻米33个', 1523592795, 5, 33.00, 1),
(33058, 1377, '收取稻米34.11个', 1523592920, 8, 34.11, 1),
(33059, 1386, '收取稻米35.26个', 1523592935, 8, 35.26, 1),
(33060, 1386, '增种稻米35个', 1523592942, 5, 35.00, 1),
(33061, 1377, '收取秧苗28个', 1523592946, 7, 28.00, 1),
(33062, 1377, '增种稻米34个', 1523592958, 5, 34.00, 1),
(33063, 1377, '增种水稻28个', 1523592965, 6, 28.00, 1),
(33064, 1391, '收取秧苗20000个', 1523593739, 7, 20000.00, 1),
(33065, 1391, '激活用户13685011584扣除水稻300只', 1523594323, 13, 300.00, 1),
(33066, 1391, '激活用户13685011584扣除水稻300只', 1523594478, 13, 300.00, 1),
(33067, 1391, '激活用户13685011584扣除水稻300只', 1523594655, 13, 300.00, 1),
(33068, 1391, '打扫朋友13685011584收获苗3.515个', 1523595246, 16, 3.52, 1),
(33069, 1391, '打扫朋友13685011584收获苗3.515个', 1523595253, 16, 3.52, 1),
(33070, 1391, '打扫朋友13685011584收获苗3.307个', 1523595259, 16, 3.31, 1),
(33071, 1391, '打扫朋友13685011584收获苗3.214个', 1523595267, 16, 3.21, 1),
(33072, 1391, '打扫朋友13685011584收获苗3.494个', 1523595274, 16, 3.49, 1),
(33073, 1391, '打扫朋友13685011584收获苗0个', 1523595281, 16, 0.00, 1),
(33074, 1387, '收取稻米34.11个', 1523595396, 8, 34.11, 1),
(33075, 1387, '增种稻米34个', 1523595423, 5, 34.00, 1),
(33076, 1393, '开绿地花费水稻300只', 1523599652, 4, 300.00, 1),
(33077, 1394, '开绿地花费水稻300只', 1523599899, 4, 300.00, 1),
(33078, 1391, '激活用户13685011584扣除水稻300只', 1523600718, 13, 300.00, 1),
(33079, 1396, '开绿地花费水稻300只', 1523609654, 4, 300.00, 1),
(33080, 1391, '收割机取出水稻', 1523610581, 11, 1085.00, 1),
(33081, 1395, '开绿地花费水稻300只', 1523613367, 4, 300.00, 1),
(33082, 1391, '激活用户13685011584扣除水稻300只', 1523619296, 13, 300.00, 1),
(33083, 1397, '开绿地花费水稻300只', 1523619539, 4, 300.00, 1),
(33084, 1371, '收取稻米35.15个', 1523620839, 8, 35.15, 1),
(33085, 1371, '增种稻米35个', 1523620845, 5, 35.00, 1),
(33086, 1367, '收取稻米31.20个', 1523772083, 8, 31.20, 1),
(33087, 1367, '激活用户13327797846扣除水稻300只', 1523844813, 13, 300.00, 1),
(33088, 1398, '开绿地花费水稻300只', 1523846499, 4, 300.00, 1),
(33089, 1398, '收取稻米31.20个', 1523846591, 8, 31.20, 1),
(33090, 1362, '开绿地花费水稻300只', 1523851067, 4, 300.00, 1),
(33091, 1398, '增养母鸡1个', 1526119693, 6, 1.00, 1),
(33092, 1398, '收取母鸡1个', 1526119700, 7, 1.00, 1),
(33093, 1398, '激活用户15100000000扣除母鸡300只', 1526192997, 13, 300.00, 1),
(33094, 1398, '开绿地花费母鸡300只', 1526195671, 4, 300.00, 1),
(33095, 1399, '开绿地花费母鸡300只', 1526201843, 4, 300.00, 1),
(33096, 1399, '开绿地花费母鸡300只', 1526201849, 4, 300.00, 1),
(33097, 1399, '开绿地花费母鸡300只', 1526201855, 4, 300.00, 1),
(33098, 1399, '转账给账号:15100000000花费鸡蛋数量495', 1526202611, 14, 495.00, 1),
(33099, 1398, '账号:15100000001转账给我鸡蛋数量450', 1526202611, 14, 450.00, 1),
(33100, 1402, '开绿地花费母鸡300只', 1526546103, 4, 300.00, 1),
(33101, 1402, '开绿地花费母鸡300只', 1526546109, 4, 300.00, 1),
(33102, 1402, '开绿地花费母鸡300只', 1526546117, 4, 300.00, 1),
(33103, 1366, '收取鸡蛋31.20个', 1526549882, 8, 31.20, 1),
(33104, 1367, '收取鸡蛋31.20个', 1526550073, 8, 31.20, 1),
(33105, 1367, '打扫朋友13327797846收获鸡蛋0个', 1526550182, 16, 0.00, 1),
(33106, 1367, '打扫朋友13327797846收获鸡蛋0个', 1526550192, 16, 0.00, 1),
(33107, 1367, '打扫朋友13327797846收获鸡蛋3.12个', 1526550205, 16, 3.12, 1),
(33108, 1398, '收取鸡蛋31.20个', 1526550527, 8, 31.20, 1),
(33109, 1398, '收取鸡蛋31.20个', 1526550779, 8, 31.20, 1),
(33110, 1398, '收取鸡蛋1515.00个', 1526550796, 8, 1515.00, 1),
(33111, 1398, '收取鸡蛋31.20个', 1526551084, 8, 31.20, 1),
(33112, 1398, '收取鸡蛋1515.00个', 1526551122, 8, 1515.00, 1),
(33113, 1398, '收取鸡蛋31.20个', 1526551173, 8, 31.20, 1),
(33114, 1398, '收取鸡蛋1515.00个', 1526551463, 8, 1515.00, 1),
(33115, 1398, '收取鸡蛋31.50个', 1526551592, 8, 31.50, 1),
(33116, 1398, '收取鸡蛋1515.00个', 1526551596, 8, 1515.00, 1),
(33117, 1398, '收取鸡蛋31.50个', 1526552179, 8, 31.50, 1),
(33118, 1398, '收取鸡蛋1515.00个', 1526552182, 8, 1515.00, 1),
(33119, 1398, '收取鸡蛋31.50个', 1526552236, 8, 31.50, 1),
(33120, 1398, '收取鸡蛋1515.00个', 1526552239, 8, 1515.00, 1);

-- --------------------------------------------------------

--
-- 表的结构 `gs_verify`
--

CREATE TABLE IF NOT EXISTS `gs_verify` (
  `id` int(11) unsigned NOT NULL AUTO_INCREMENT COMMENT '验证码',
  `code` varchar(6) NOT NULL,
  `phone` varchar(15) DEFAULT NULL,
  `date` int(11) DEFAULT NULL,
  PRIMARY KEY (`id`)
) ENGINE=InnoDB DEFAULT CHARSET=utf8mb4 AUTO_INCREMENT=1 ;

/*!40101 SET CHARACTER_SET_CLIENT=@OLD_CHARACTER_SET_CLIENT */;
/*!40101 SET CHARACTER_SET_RESULTS=@OLD_CHARACTER_SET_RESULTS */;
/*!40101 SET COLLATION_CONNECTION=@OLD_COLLATION_CONNECTION */;
